keyword_primary,keyword_alt,service,service_slug,city,state,url
"Agentic SEO & AI Overview Optimization in New York, NY",New York NY Agentic SEO & AI Overview Optimization,Agentic SEO & AI Overview Optimization,agentic-seo,New York,NY,/services/agentic-seo/new-york-ny/
"ChatGPT Optimization & LLM Mentions in New York, NY",New York NY ChatGPT Optimization & LLM Mentions,ChatGPT Optimization & LLM Mentions,chatgpt-optimization,New York,NY,/services/chatgpt-optimization/new-york-ny/
"AI Visibility Audit (ChatGPT/Perplexity/Claude) in New York, NY",New York NY AI Visibility Audit (ChatGPT/Perplexity/Claude),AI Visibility Audit (ChatGPT/Perplexity/Claude),ai-visibility-audit,New York,NY,/services/ai-visibility-audit/new-york-ny/
"Schema Optimizer & Reverse Engineer (JSON-LD) in New York, NY",New York NY Schema Optimizer & Reverse Engineer (JSON-LD),Schema Optimizer & Reverse Engineer (JSON-LD),schema-optimizer,New York,NY,/services/schema-optimizer/new-york-ny/
"Entity & Knowledge Graph Implementation in New York, NY",New York NY Entity & Knowledge Graph Implementation,Entity & Knowledge Graph Implementation,entity-graph,New York,NY,/services/entity-graph/new-york-ny/
"Authority Building & Digital PR (AI-cited) in New York, NY",New York NY Authority Building & Digital PR (AI-cited),Authority Building & Digital PR (AI-cited),authority-pr,New York,NY,/services/authority-pr/new-york-ny/
"Programmatic SEO (PSEO) Landing Pages in New York, NY",New York NY Programmatic SEO (PSEO) Landing Pages,Programmatic SEO (PSEO) Landing Pages,programmatic-seo,New York,NY,/services/programmatic-seo/new-york-ny/
"AI Consulting & Integration in New York, NY",New York NY AI Consulting & Integration,AI Consulting & Integration,ai-consulting,New York,NY,/services/ai-consulting/new-york-ny/
"Agentic Actions API (/agent.json, /meta.json) in New York, NY","New York NY Agentic Actions API (/agent.json, /meta.json)","Agentic Actions API (/agent.json, /meta.json)",agentic-actions-api,New York,NY,/services/agentic-actions-api/new-york-ny/
"AI Visibility Monitoring & Reporting in New York, NY",New York NY AI Visibility Monitoring & Reporting,AI Visibility Monitoring & Reporting,ai-visibility-monitoring,New York,NY,/services/ai-visibility-monitoring/new-york-ny/
"Agentic SEO & AI Overview Optimization in Los Angeles, CA",Los Angeles CA Agentic SEO & AI Overview Optimization,Agentic SEO & AI Overview Optimization,agentic-seo,Los Angeles,CA,/services/agentic-seo/los-angeles-ca/
"ChatGPT Optimization & LLM Mentions in Los Angeles, CA",Los Angeles CA ChatGPT Optimization & LLM Mentions,ChatGPT Optimization & LLM Mentions,chatgpt-optimization,Los Angeles,CA,/services/chatgpt-optimization/los-angeles-ca/
"AI Visibility Audit (ChatGPT/Perplexity/Claude) in Los Angeles, CA",Los Angeles CA AI Visibility Audit (ChatGPT/Perplexity/Claude),AI Visibility Audit (ChatGPT/Perplexity/Claude),ai-visibility-audit,Los Angeles,CA,/services/ai-visibility-audit/los-angeles-ca/
"Schema Optimizer & Reverse Engineer (JSON-LD) in Los Angeles, CA",Los Angeles CA Schema Optimizer & Reverse Engineer (JSON-LD),Schema Optimizer & Reverse Engineer (JSON-LD),schema-optimizer,Los Angeles,CA,/services/schema-optimizer/los-angeles-ca/
"Entity & Knowledge Graph Implementation in Los Angeles, CA",Los Angeles CA Entity & Knowledge Graph Implementation,Entity & Knowledge Graph Implementation,entity-graph,Los Angeles,CA,/services/entity-graph/los-angeles-ca/
"Authority Building & Digital PR (AI-cited) in Los Angeles, CA",Los Angeles CA Authority Building & Digital PR (AI-cited),Authority Building & Digital PR (AI-cited),authority-pr,Los Angeles,CA,/services/authority-pr/los-angeles-ca/
"Programmatic SEO (PSEO) Landing Pages in Los Angeles, CA",Los Angeles CA Programmatic SEO (PSEO) Landing Pages,Programmatic SEO (PSEO) Landing Pages,programmatic-seo,Los Angeles,CA,/services/programmatic-seo/los-angeles-ca/
"AI Consulting & Integration in Los Angeles, CA",Los Angeles CA AI Consulting & Integration,AI Consulting & Integration,ai-consulting,Los Angeles,CA,/services/ai-consulting/los-angeles-ca/
"Agentic Actions API (/agent.json, /meta.json) in Los Angeles, CA","Los Angeles CA Agentic Actions API (/agent.json, /meta.json)","Agentic Actions API (/agent.json, /meta.json)",agentic-actions-api,Los Angeles,CA,/services/agentic-actions-api/los-angeles-ca/
"AI Visibility Monitoring & Reporting in Los Angeles, CA",Los Angeles CA AI Visibility Monitoring & Reporting,AI Visibility Monitoring & Reporting,ai-visibility-monitoring,Los Angeles,CA,/services/ai-visibility-monitoring/los-angeles-ca/
"Agentic SEO & AI Overview Optimization in San Francisco, CA",San Francisco CA Agentic SEO & AI Overview Optimization,Agentic SEO & AI Overview Optimization,agentic-seo,San Francisco,CA,/services/agentic-seo/san-francisco-ca/
"ChatGPT Optimization & LLM Mentions in San Francisco, CA",San Francisco CA ChatGPT Optimization & LLM Mentions,ChatGPT Optimization & LLM Mentions,chatgpt-optimization,San Francisco,CA,/services/chatgpt-optimization/san-francisco-ca/
"AI Visibility Audit (ChatGPT/Perplexity/Claude) in San Francisco, CA",San Francisco CA AI Visibility Audit (ChatGPT/Perplexity/Claude),AI Visibility Audit (ChatGPT/Perplexity/Claude),ai-visibility-audit,San Francisco,CA,/services/ai-visibility-audit/san-francisco-ca/
"Schema Optimizer & Reverse Engineer (JSON-LD) in San Francisco, CA",San Francisco CA Schema Optimizer & Reverse Engineer (JSON-LD),Schema Optimizer & Reverse Engineer (JSON-LD),schema-optimizer,San Francisco,CA,/services/schema-optimizer/san-francisco-ca/
"Entity & Knowledge Graph Implementation in San Francisco, CA",San Francisco CA Entity & Knowledge Graph Implementation,Entity & Knowledge Graph Implementation,entity-graph,San Francisco,CA,/services/entity-graph/san-francisco-ca/
"Authority Building & Digital PR (AI-cited) in San Francisco, CA",San Francisco CA Authority Building & Digital PR (AI-cited),Authority Building & Digital PR (AI-cited),authority-pr,San Francisco,CA,/services/authority-pr/san-francisco-ca/
"Programmatic SEO (PSEO) Landing Pages in San Francisco, CA",San Francisco CA Programmatic SEO (PSEO) Landing Pages,Programmatic SEO (PSEO) Landing Pages,programmatic-seo,San Francisco,CA,/services/programmatic-seo/san-francisco-ca/
"AI Consulting & Integration in San Francisco, CA",San Francisco CA AI Consulting & Integration,AI Consulting & Integration,ai-consulting,San Francisco,CA,/services/ai-consulting/san-francisco-ca/
"Agentic Actions API (/agent.json, /meta.json) in San Francisco, CA","San Francisco CA Agentic Actions API (/agent.json, /meta.json)","Agentic Actions API (/agent.json, /meta.json)",agentic-actions-api,San Francisco,CA,/services/agentic-actions-api/san-francisco-ca/
"AI Visibility Monitoring & Reporting in San Francisco, CA",San Francisco CA AI Visibility Monitoring & Reporting,AI Visibility Monitoring & Reporting,ai-visibility-monitoring,San Francisco,CA,/services/ai-visibility-monitoring/san-francisco-ca/
"Agentic SEO & AI Overview Optimization in San Jose, CA",San Jose CA Agentic SEO & AI Overview Optimization,Agentic SEO & AI Overview Optimization,agentic-seo,San Jose,CA,/services/agentic-seo/san-jose-ca/
"ChatGPT Optimization & LLM Mentions in San Jose, CA",San Jose CA ChatGPT Optimization & LLM Mentions,ChatGPT Optimization & LLM Mentions,chatgpt-optimization,San Jose,CA,/services/chatgpt-optimization/san-jose-ca/
"AI Visibility Audit (ChatGPT/Perplexity/Claude) in San Jose, CA",San Jose CA AI Visibility Audit (ChatGPT/Perplexity/Claude),AI Visibility Audit (ChatGPT/Perplexity/Claude),ai-visibility-audit,San Jose,CA,/services/ai-visibility-audit/san-jose-ca/
"Schema Optimizer & Reverse Engineer (JSON-LD) in San Jose, CA",San Jose CA Schema Optimizer & Reverse Engineer (JSON-LD),Schema Optimizer & Reverse Engineer (JSON-LD),schema-optimizer,San Jose,CA,/services/schema-optimizer/san-jose-ca/
"Entity & Knowledge Graph Implementation in San Jose, CA",San Jose CA Entity & Knowledge Graph Implementation,Entity & Knowledge Graph Implementation,entity-graph,San Jose,CA,/services/entity-graph/san-jose-ca/
"Authority Building & Digital PR (AI-cited) in San Jose, CA",San Jose CA Authority Building & Digital PR (AI-cited),Authority Building & Digital PR (AI-cited),authority-pr,San Jose,CA,/services/authority-pr/san-jose-ca/
"Programmatic SEO (PSEO) Landing Pages in San Jose, CA",San Jose CA Programmatic SEO (PSEO) Landing Pages,Programmatic SEO (PSEO) Landing Pages,programmatic-seo,San Jose,CA,/services/programmatic-seo/san-jose-ca/
"AI Consulting & Integration in San Jose, CA",San Jose CA AI Consulting & Integration,AI Consulting & Integration,ai-consulting,San Jose,CA,/services/ai-consulting/san-jose-ca/
"Agentic Actions API (/agent.json, /meta.json) in San Jose, CA","San Jose CA Agentic Actions API (/agent.json, /meta.json)","Agentic Actions API (/agent.json, /meta.json)",agentic-actions-api,San Jose,CA,/services/agentic-actions-api/san-jose-ca/
"AI Visibility Monitoring & Reporting in San Jose, CA",San Jose CA AI Visibility Monitoring & Reporting,AI Visibility Monitoring & Reporting,ai-visibility-monitoring,San Jose,CA,/services/ai-visibility-monitoring/san-jose-ca/
"Agentic SEO & AI Overview Optimization in Seattle, WA",Seattle WA Agentic SEO & AI Overview Optimization,Agentic SEO & AI Overview Optimization,agentic-seo,Seattle,WA,/services/agentic-seo/seattle-wa/
"ChatGPT Optimization & LLM Mentions in Seattle, WA",Seattle WA ChatGPT Optimization & LLM Mentions,ChatGPT Optimization & LLM Mentions,chatgpt-optimization,Seattle,WA,/services/chatgpt-optimization/seattle-wa/
"AI Visibility Audit (ChatGPT/Perplexity/Claude) in Seattle, WA",Seattle WA AI Visibility Audit (ChatGPT/Perplexity/Claude),AI Visibility Audit (ChatGPT/Perplexity/Claude),ai-visibility-audit,Seattle,WA,/services/ai-visibility-audit/seattle-wa/
"Schema Optimizer & Reverse Engineer (JSON-LD) in Seattle, WA",Seattle WA Schema Optimizer & Reverse Engineer (JSON-LD),Schema Optimizer & Reverse Engineer (JSON-LD),schema-optimizer,Seattle,WA,/services/schema-optimizer/seattle-wa/
"Entity & Knowledge Graph Implementation in Seattle, WA",Seattle WA Entity & Knowledge Graph Implementation,Entity & Knowledge Graph Implementation,entity-graph,Seattle,WA,/services/entity-graph/seattle-wa/
"Authority Building & Digital PR (AI-cited) in Seattle, WA",Seattle WA Authority Building & Digital PR (AI-cited),Authority Building & Digital PR (AI-cited),authority-pr,Seattle,WA,/services/authority-pr/seattle-wa/
"Programmatic SEO (PSEO) Landing Pages in Seattle, WA",Seattle WA Programmatic SEO (PSEO) Landing Pages,Programmatic SEO (PSEO) Landing Pages,programmatic-seo,Seattle,WA,/services/programmatic-seo/seattle-wa/
"AI Consulting & Integration in Seattle, WA",Seattle WA AI Consulting & Integration,AI Consulting & Integration,ai-consulting,Seattle,WA,/services/ai-consulting/seattle-wa/
"Agentic Actions API (/agent.json, /meta.json) in Seattle, WA","Seattle WA Agentic Actions API (/agent.json, /meta.json)","Agentic Actions API (/agent.json, /meta.json)",agentic-actions-api,Seattle,WA,/services/agentic-actions-api/seattle-wa/
"AI Visibility Monitoring & Reporting in Seattle, WA",Seattle WA AI Visibility Monitoring & Reporting,AI Visibility Monitoring & Reporting,ai-visibility-monitoring,Seattle,WA,/services/ai-visibility-monitoring/seattle-wa/
"Agentic SEO & AI Overview Optimization in Austin, TX",Austin TX Agentic SEO & AI Overview Optimization,Agentic SEO & AI Overview Optimization,agentic-seo,Austin,TX,/services/agentic-seo/austin-tx/
"ChatGPT Optimization & LLM Mentions in Austin, TX",Austin TX ChatGPT Optimization & LLM Mentions,ChatGPT Optimization & LLM Mentions,chatgpt-optimization,Austin,TX,/services/chatgpt-optimization/austin-tx/
"AI Visibility Audit (ChatGPT/Perplexity/Claude) in Austin, TX",Austin TX AI Visibility Audit (ChatGPT/Perplexity/Claude),AI Visibility Audit (ChatGPT/Perplexity/Claude),ai-visibility-audit,Austin,TX,/services/ai-visibility-audit/austin-tx/
"Schema Optimizer & Reverse Engineer (JSON-LD) in Austin, TX",Austin TX Schema Optimizer & Reverse Engineer (JSON-LD),Schema Optimizer & Reverse Engineer (JSON-LD),schema-optimizer,Austin,TX,/services/schema-optimizer/austin-tx/
"Entity & Knowledge Graph Implementation in Austin, TX",Austin TX Entity & Knowledge Graph Implementation,Entity & Knowledge Graph Implementation,entity-graph,Austin,TX,/services/entity-graph/austin-tx/
"Authority Building & Digital PR (AI-cited) in Austin, TX",Austin TX Authority Building & Digital PR (AI-cited),Authority Building & Digital PR (AI-cited),authority-pr,Austin,TX,/services/authority-pr/austin-tx/
"Programmatic SEO (PSEO) Landing Pages in Austin, TX",Austin TX Programmatic SEO (PSEO) Landing Pages,Programmatic SEO (PSEO) Landing Pages,programmatic-seo,Austin,TX,/services/programmatic-seo/austin-tx/
"AI Consulting & Integration in Austin, TX",Austin TX AI Consulting & Integration,AI Consulting & Integration,ai-consulting,Austin,TX,/services/ai-consulting/austin-tx/
"Agentic Actions API (/agent.json, /meta.json) in Austin, TX","Austin TX Agentic Actions API (/agent.json, /meta.json)","Agentic Actions API (/agent.json, /meta.json)",agentic-actions-api,Austin,TX,/services/agentic-actions-api/austin-tx/
"AI Visibility Monitoring & Reporting in Austin, TX",Austin TX AI Visibility Monitoring & Reporting,AI Visibility Monitoring & Reporting,ai-visibility-monitoring,Austin,TX,/services/ai-visibility-monitoring/austin-tx/
"Agentic SEO & AI Overview Optimization in Miami, FL",Miami FL Agentic SEO & AI Overview Optimization,Agentic SEO & AI Overview Optimization,agentic-seo,Miami,FL,/services/agentic-seo/miami-fl/
"ChatGPT Optimization & LLM Mentions in Miami, FL",Miami FL ChatGPT Optimization & LLM Mentions,ChatGPT Optimization & LLM Mentions,chatgpt-optimization,Miami,FL,/services/chatgpt-optimization/miami-fl/
"AI Visibility Audit (ChatGPT/Perplexity/Claude) in Miami, FL",Miami FL AI Visibility Audit (ChatGPT/Perplexity/Claude),AI Visibility Audit (ChatGPT/Perplexity/Claude),ai-visibility-audit,Miami,FL,/services/ai-visibility-audit/miami-fl/
"Schema Optimizer & Reverse Engineer (JSON-LD) in Miami, FL",Miami FL Schema Optimizer & Reverse Engineer (JSON-LD),Schema Optimizer & Reverse Engineer (JSON-LD),schema-optimizer,Miami,FL,/services/schema-optimizer/miami-fl/
"Entity & Knowledge Graph Implementation in Miami, FL",Miami FL Entity & Knowledge Graph Implementation,Entity & Knowledge Graph Implementation,entity-graph,Miami,FL,/services/entity-graph/miami-fl/
"Authority Building & Digital PR (AI-cited) in Miami, FL",Miami FL Authority Building & Digital PR (AI-cited),Authority Building & Digital PR (AI-cited),authority-pr,Miami,FL,/services/authority-pr/miami-fl/
"Programmatic SEO (PSEO) Landing Pages in Miami, FL",Miami FL Programmatic SEO (PSEO) Landing Pages,Programmatic SEO (PSEO) Landing Pages,programmatic-seo,Miami,FL,/services/programmatic-seo/miami-fl/
"AI Consulting & Integration in Miami, FL",Miami FL AI Consulting & Integration,AI Consulting & Integration,ai-consulting,Miami,FL,/services/ai-consulting/miami-fl/
"Agentic Actions API (/agent.json, /meta.json) in Miami, FL","Miami FL Agentic Actions API (/agent.json, /meta.json)","Agentic Actions API (/agent.json, /meta.json)",agentic-actions-api,Miami,FL,/services/agentic-actions-api/miami-fl/
"AI Visibility Monitoring & Reporting in Miami, FL",Miami FL AI Visibility Monitoring & Reporting,AI Visibility Monitoring & Reporting,ai-visibility-monitoring,Miami,FL,/services/ai-visibility-monitoring/miami-fl/
"Agentic SEO & AI Overview Optimization in Boston, MA",Boston MA Agentic SEO & AI Overview Optimization,Agentic SEO & AI Overview Optimization,agentic-seo,Boston,MA,/services/agentic-seo/boston-ma/
"ChatGPT Optimization & LLM Mentions in Boston, MA",Boston MA ChatGPT Optimization & LLM Mentions,ChatGPT Optimization & LLM Mentions,chatgpt-optimization,Boston,MA,/services/chatgpt-optimization/boston-ma/
"AI Visibility Audit (ChatGPT/Perplexity/Claude) in Boston, MA",Boston MA AI Visibility Audit (ChatGPT/Perplexity/Claude),AI Visibility Audit (ChatGPT/Perplexity/Claude),ai-visibility-audit,Boston,MA,/services/ai-visibility-audit/boston-ma/
"Schema Optimizer & Reverse Engineer (JSON-LD) in Boston, MA",Boston MA Schema Optimizer & Reverse Engineer (JSON-LD),Schema Optimizer & Reverse Engineer (JSON-LD),schema-optimizer,Boston,MA,/services/schema-optimizer/boston-ma/
"Entity & Knowledge Graph Implementation in Boston, MA",Boston MA Entity & Knowledge Graph Implementation,Entity & Knowledge Graph Implementation,entity-graph,Boston,MA,/services/entity-graph/boston-ma/
"Authority Building & Digital PR (AI-cited) in Boston, MA",Boston MA Authority Building & Digital PR (AI-cited),Authority Building & Digital PR (AI-cited),authority-pr,Boston,MA,/services/authority-pr/boston-ma/
"Programmatic SEO (PSEO) Landing Pages in Boston, MA",Boston MA Programmatic SEO (PSEO) Landing Pages,Programmatic SEO (PSEO) Landing Pages,programmatic-seo,Boston,MA,/services/programmatic-seo/boston-ma/
"AI Consulting & Integration in Boston, MA",Boston MA AI Consulting & Integration,AI Consulting & Integration,ai-consulting,Boston,MA,/services/ai-consulting/boston-ma/
"Agentic Actions API (/agent.json, /meta.json) in Boston, MA","Boston MA Agentic Actions API (/agent.json, /meta.json)","Agentic Actions API (/agent.json, /meta.json)",agentic-actions-api,Boston,MA,/services/agentic-actions-api/boston-ma/
"AI Visibility Monitoring & Reporting in Boston, MA",Boston MA AI Visibility Monitoring & Reporting,AI Visibility Monitoring & Reporting,ai-visibility-monitoring,Boston,MA,/services/ai-visibility-monitoring/boston-ma/
"Agentic SEO & AI Overview Optimization in Chicago, IL",Chicago IL Agentic SEO & AI Overview Optimization,Agentic SEO & AI Overview Optimization,agentic-seo,Chicago,IL,/services/agentic-seo/chicago-il/
"ChatGPT Optimization & LLM Mentions in Chicago, IL",Chicago IL ChatGPT Optimization & LLM Mentions,ChatGPT Optimization & LLM Mentions,chatgpt-optimization,Chicago,IL,/services/chatgpt-optimization/chicago-il/
"AI Visibility Audit (ChatGPT/Perplexity/Claude) in Chicago, IL",Chicago IL AI Visibility Audit (ChatGPT/Perplexity/Claude),AI Visibility Audit (ChatGPT/Perplexity/Claude),ai-visibility-audit,Chicago,IL,/services/ai-visibility-audit/chicago-il/
"Schema Optimizer & Reverse Engineer (JSON-LD) in Chicago, IL",Chicago IL Schema Optimizer & Reverse Engineer (JSON-LD),Schema Optimizer & Reverse Engineer (JSON-LD),schema-optimizer,Chicago,IL,/services/schema-optimizer/chicago-il/
"Entity & Knowledge Graph Implementation in Chicago, IL",Chicago IL Entity & Knowledge Graph Implementation,Entity & Knowledge Graph Implementation,entity-graph,Chicago,IL,/services/entity-graph/chicago-il/
"Authority Building & Digital PR (AI-cited) in Chicago, IL",Chicago IL Authority Building & Digital PR (AI-cited),Authority Building & Digital PR (AI-cited),authority-pr,Chicago,IL,/services/authority-pr/chicago-il/
"Programmatic SEO (PSEO) Landing Pages in Chicago, IL",Chicago IL Programmatic SEO (PSEO) Landing Pages,Programmatic SEO (PSEO) Landing Pages,programmatic-seo,Chicago,IL,/services/programmatic-seo/chicago-il/
"AI Consulting & Integration in Chicago, IL",Chicago IL AI Consulting & Integration,AI Consulting & Integration,ai-consulting,Chicago,IL,/services/ai-consulting/chicago-il/
"Agentic Actions API (/agent.json, /meta.json) in Chicago, IL","Chicago IL Agentic Actions API (/agent.json, /meta.json)","Agentic Actions API (/agent.json, /meta.json)",agentic-actions-api,Chicago,IL,/services/agentic-actions-api/chicago-il/
"AI Visibility Monitoring & Reporting in Chicago, IL",Chicago IL AI Visibility Monitoring & Reporting,AI Visibility Monitoring & Reporting,ai-visibility-monitoring,Chicago,IL,/services/ai-visibility-monitoring/chicago-il/
"Agentic SEO & AI Overview Optimization in Denver, CO",Denver CO Agentic SEO & AI Overview Optimization,Agentic SEO & AI Overview Optimization,agentic-seo,Denver,CO,/services/agentic-seo/denver-co/
"ChatGPT Optimization & LLM Mentions in Denver, CO",Denver CO ChatGPT Optimization & LLM Mentions,ChatGPT Optimization & LLM Mentions,chatgpt-optimization,Denver,CO,/services/chatgpt-optimization/denver-co/
"AI Visibility Audit (ChatGPT/Perplexity/Claude) in Denver, CO",Denver CO AI Visibility Audit (ChatGPT/Perplexity/Claude),AI Visibility Audit (ChatGPT/Perplexity/Claude),ai-visibility-audit,Denver,CO,/services/ai-visibility-audit/denver-co/
"Schema Optimizer & Reverse Engineer (JSON-LD) in Denver, CO",Denver CO Schema Optimizer & Reverse Engineer (JSON-LD),Schema Optimizer & Reverse Engineer (JSON-LD),schema-optimizer,Denver,CO,/services/schema-optimizer/denver-co/
"Entity & Knowledge Graph Implementation in Denver, CO",Denver CO Entity & Knowledge Graph Implementation,Entity & Knowledge Graph Implementation,entity-graph,Denver,CO,/services/entity-graph/denver-co/
"Authority Building & Digital PR (AI-cited) in Denver, CO",Denver CO Authority Building & Digital PR (AI-cited),Authority Building & Digital PR (AI-cited),authority-pr,Denver,CO,/services/authority-pr/denver-co/
"Programmatic SEO (PSEO) Landing Pages in Denver, CO",Denver CO Programmatic SEO (PSEO) Landing Pages,Programmatic SEO (PSEO) Landing Pages,programmatic-seo,Denver,CO,/services/programmatic-seo/denver-co/
"AI Consulting & Integration in Denver, CO",Denver CO AI Consulting & Integration,AI Consulting & Integration,ai-consulting,Denver,CO,/services/ai-consulting/denver-co/
"Agentic Actions API (/agent.json, /meta.json) in Denver, CO","Denver CO Agentic Actions API (/agent.json, /meta.json)","Agentic Actions API (/agent.json, /meta.json)",agentic-actions-api,Denver,CO,/services/agentic-actions-api/denver-co/
"AI Visibility Monitoring & Reporting in Denver, CO",Denver CO AI Visibility Monitoring & Reporting,AI Visibility Monitoring & Reporting,ai-visibility-monitoring,Denver,CO,/services/ai-visibility-monitoring/denver-co/
"Agentic SEO & AI Overview Optimization in Atlanta, GA",Atlanta GA Agentic SEO & AI Overview Optimization,Agentic SEO & AI Overview Optimization,agentic-seo,Atlanta,GA,/services/agentic-seo/atlanta-ga/
"ChatGPT Optimization & LLM Mentions in Atlanta, GA",Atlanta GA ChatGPT Optimization & LLM Mentions,ChatGPT Optimization & LLM Mentions,chatgpt-optimization,Atlanta,GA,/services/chatgpt-optimization/atlanta-ga/
"AI Visibility Audit (ChatGPT/Perplexity/Claude) in Atlanta, GA",Atlanta GA AI Visibility Audit (ChatGPT/Perplexity/Claude),AI Visibility Audit (ChatGPT/Perplexity/Claude),ai-visibility-audit,Atlanta,GA,/services/ai-visibility-audit/atlanta-ga/
"Schema Optimizer & Reverse Engineer (JSON-LD) in Atlanta, GA",Atlanta GA Schema Optimizer & Reverse Engineer (JSON-LD),Schema Optimizer & Reverse Engineer (JSON-LD),schema-optimizer,Atlanta,GA,/services/schema-optimizer/atlanta-ga/
"Entity & Knowledge Graph Implementation in Atlanta, GA",Atlanta GA Entity & Knowledge Graph Implementation,Entity & Knowledge Graph Implementation,entity-graph,Atlanta,GA,/services/entity-graph/atlanta-ga/
"Authority Building & Digital PR (AI-cited) in Atlanta, GA",Atlanta GA Authority Building & Digital PR (AI-cited),Authority Building & Digital PR (AI-cited),authority-pr,Atlanta,GA,/services/authority-pr/atlanta-ga/
"Programmatic SEO (PSEO) Landing Pages in Atlanta, GA",Atlanta GA Programmatic SEO (PSEO) Landing Pages,Programmatic SEO (PSEO) Landing Pages,programmatic-seo,Atlanta,GA,/services/programmatic-seo/atlanta-ga/
"AI Consulting & Integration in Atlanta, GA",Atlanta GA AI Consulting & Integration,AI Consulting & Integration,ai-consulting,Atlanta,GA,/services/ai-consulting/atlanta-ga/
"Agentic Actions API (/agent.json, /meta.json) in Atlanta, GA","Atlanta GA Agentic Actions API (/agent.json, /meta.json)","Agentic Actions API (/agent.json, /meta.json)",agentic-actions-api,Atlanta,GA,/services/agentic-actions-api/atlanta-ga/
"AI Visibility Monitoring & Reporting in Atlanta, GA",Atlanta GA AI Visibility Monitoring & Reporting,AI Visibility Monitoring & Reporting,ai-visibility-monitoring,Atlanta,GA,/services/ai-visibility-monitoring/atlanta-ga/
"Agentic SEO & AI Overview Optimization in Dallas, TX",Dallas TX Agentic SEO & AI Overview Optimization,Agentic SEO & AI Overview Optimization,agentic-seo,Dallas,TX,/services/agentic-seo/dallas-tx/
"ChatGPT Optimization & LLM Mentions in Dallas, TX",Dallas TX ChatGPT Optimization & LLM Mentions,ChatGPT Optimization & LLM Mentions,chatgpt-optimization,Dallas,TX,/services/chatgpt-optimization/dallas-tx/
"AI Visibility Audit (ChatGPT/Perplexity/Claude) in Dallas, TX",Dallas TX AI Visibility Audit (ChatGPT/Perplexity/Claude),AI Visibility Audit (ChatGPT/Perplexity/Claude),ai-visibility-audit,Dallas,TX,/services/ai-visibility-audit/dallas-tx/
"Schema Optimizer & Reverse Engineer (JSON-LD) in Dallas, TX",Dallas TX Schema Optimizer & Reverse Engineer (JSON-LD),Schema Optimizer & Reverse Engineer (JSON-LD),schema-optimizer,Dallas,TX,/services/schema-optimizer/dallas-tx/
"Entity & Knowledge Graph Implementation in Dallas, TX",Dallas TX Entity & Knowledge Graph Implementation,Entity & Knowledge Graph Implementation,entity-graph,Dallas,TX,/services/entity-graph/dallas-tx/
"Authority Building & Digital PR (AI-cited) in Dallas, TX",Dallas TX Authority Building & Digital PR (AI-cited),Authority Building & Digital PR (AI-cited),authority-pr,Dallas,TX,/services/authority-pr/dallas-tx/
"Programmatic SEO (PSEO) Landing Pages in Dallas, TX",Dallas TX Programmatic SEO (PSEO) Landing Pages,Programmatic SEO (PSEO) Landing Pages,programmatic-seo,Dallas,TX,/services/programmatic-seo/dallas-tx/
"AI Consulting & Integration in Dallas, TX",Dallas TX AI Consulting & Integration,AI Consulting & Integration,ai-consulting,Dallas,TX,/services/ai-consulting/dallas-tx/
"Agentic Actions API (/agent.json, /meta.json) in Dallas, TX","Dallas TX Agentic Actions API (/agent.json, /meta.json)","Agentic Actions API (/agent.json, /meta.json)",agentic-actions-api,Dallas,TX,/services/agentic-actions-api/dallas-tx/
"AI Visibility Monitoring & Reporting in Dallas, TX",Dallas TX AI Visibility Monitoring & Reporting,AI Visibility Monitoring & Reporting,ai-visibility-monitoring,Dallas,TX,/services/ai-visibility-monitoring/dallas-tx/
"Agentic SEO & AI Overview Optimization in Houston, TX",Houston TX Agentic SEO & AI Overview Optimization,Agentic SEO & AI Overview Optimization,agentic-seo,Houston,TX,/services/agentic-seo/houston-tx/
"ChatGPT Optimization & LLM Mentions in Houston, TX",Houston TX ChatGPT Optimization & LLM Mentions,ChatGPT Optimization & LLM Mentions,chatgpt-optimization,Houston,TX,/services/chatgpt-optimization/houston-tx/
"AI Visibility Audit (ChatGPT/Perplexity/Claude) in Houston, TX",Houston TX AI Visibility Audit (ChatGPT/Perplexity/Claude),AI Visibility Audit (ChatGPT/Perplexity/Claude),ai-visibility-audit,Houston,TX,/services/ai-visibility-audit/houston-tx/
"Schema Optimizer & Reverse Engineer (JSON-LD) in Houston, TX",Houston TX Schema Optimizer & Reverse Engineer (JSON-LD),Schema Optimizer & Reverse Engineer (JSON-LD),schema-optimizer,Houston,TX,/services/schema-optimizer/houston-tx/
"Entity & Knowledge Graph Implementation in Houston, TX",Houston TX Entity & Knowledge Graph Implementation,Entity & Knowledge Graph Implementation,entity-graph,Houston,TX,/services/entity-graph/houston-tx/
"Authority Building & Digital PR (AI-cited) in Houston, TX",Houston TX Authority Building & Digital PR (AI-cited),Authority Building & Digital PR (AI-cited),authority-pr,Houston,TX,/services/authority-pr/houston-tx/
"Programmatic SEO (PSEO) Landing Pages in Houston, TX",Houston TX Programmatic SEO (PSEO) Landing Pages,Programmatic SEO (PSEO) Landing Pages,programmatic-seo,Houston,TX,/services/programmatic-seo/houston-tx/
"AI Consulting & Integration in Houston, TX",Houston TX AI Consulting & Integration,AI Consulting & Integration,ai-consulting,Houston,TX,/services/ai-consulting/houston-tx/
"Agentic Actions API (/agent.json, /meta.json) in Houston, TX","Houston TX Agentic Actions API (/agent.json, /meta.json)","Agentic Actions API (/agent.json, /meta.json)",agentic-actions-api,Houston,TX,/services/agentic-actions-api/houston-tx/
"AI Visibility Monitoring & Reporting in Houston, TX",Houston TX AI Visibility Monitoring & Reporting,AI Visibility Monitoring & Reporting,ai-visibility-monitoring,Houston,TX,/services/ai-visibility-monitoring/houston-tx/
"Agentic SEO & AI Overview Optimization in Washington, DC",Washington DC Agentic SEO & AI Overview Optimization,Agentic SEO & AI Overview Optimization,agentic-seo,Washington,DC,/services/agentic-seo/washington-dc/
"ChatGPT Optimization & LLM Mentions in Washington, DC",Washington DC ChatGPT Optimization & LLM Mentions,ChatGPT Optimization & LLM Mentions,chatgpt-optimization,Washington,DC,/services/chatgpt-optimization/washington-dc/
"AI Visibility Audit (ChatGPT/Perplexity/Claude) in Washington, DC",Washington DC AI Visibility Audit (ChatGPT/Perplexity/Claude),AI Visibility Audit (ChatGPT/Perplexity/Claude),ai-visibility-audit,Washington,DC,/services/ai-visibility-audit/washington-dc/
"Schema Optimizer & Reverse Engineer (JSON-LD) in Washington, DC",Washington DC Schema Optimizer & Reverse Engineer (JSON-LD),Schema Optimizer & Reverse Engineer (JSON-LD),schema-optimizer,Washington,DC,/services/schema-optimizer/washington-dc/
"Entity & Knowledge Graph Implementation in Washington, DC",Washington DC Entity & Knowledge Graph Implementation,Entity & Knowledge Graph Implementation,entity-graph,Washington,DC,/services/entity-graph/washington-dc/
"Authority Building & Digital PR (AI-cited) in Washington, DC",Washington DC Authority Building & Digital PR (AI-cited),Authority Building & Digital PR (AI-cited),authority-pr,Washington,DC,/services/authority-pr/washington-dc/
"Programmatic SEO (PSEO) Landing Pages in Washington, DC",Washington DC Programmatic SEO (PSEO) Landing Pages,Programmatic SEO (PSEO) Landing Pages,programmatic-seo,Washington,DC,/services/programmatic-seo/washington-dc/
"AI Consulting & Integration in Washington, DC",Washington DC AI Consulting & Integration,AI Consulting & Integration,ai-consulting,Washington,DC,/services/ai-consulting/washington-dc/
"Agentic Actions API (/agent.json, /meta.json) in Washington, DC","Washington DC Agentic Actions API (/agent.json, /meta.json)","Agentic Actions API (/agent.json, /meta.json)",agentic-actions-api,Washington,DC,/services/agentic-actions-api/washington-dc/
"AI Visibility Monitoring & Reporting in Washington, DC",Washington DC AI Visibility Monitoring & Reporting,AI Visibility Monitoring & Reporting,ai-visibility-monitoring,Washington,DC,/services/ai-visibility-monitoring/washington-dc/
"Agentic SEO & AI Overview Optimization in Phoenix, AZ",Phoenix AZ Agentic SEO & AI Overview Optimization,Agentic SEO & AI Overview Optimization,agentic-seo,Phoenix,AZ,/services/agentic-seo/phoenix-az/
"ChatGPT Optimization & LLM Mentions in Phoenix, AZ",Phoenix AZ ChatGPT Optimization & LLM Mentions,ChatGPT Optimization & LLM Mentions,chatgpt-optimization,Phoenix,AZ,/services/chatgpt-optimization/phoenix-az/
"AI Visibility Audit (ChatGPT/Perplexity/Claude) in Phoenix, AZ",Phoenix AZ AI Visibility Audit (ChatGPT/Perplexity/Claude),AI Visibility Audit (ChatGPT/Perplexity/Claude),ai-visibility-audit,Phoenix,AZ,/services/ai-visibility-audit/phoenix-az/
"Schema Optimizer & Reverse Engineer (JSON-LD) in Phoenix, AZ",Phoenix AZ Schema Optimizer & Reverse Engineer (JSON-LD),Schema Optimizer & Reverse Engineer (JSON-LD),schema-optimizer,Phoenix,AZ,/services/schema-optimizer/phoenix-az/
"Entity & Knowledge Graph Implementation in Phoenix, AZ",Phoenix AZ Entity & Knowledge Graph Implementation,Entity & Knowledge Graph Implementation,entity-graph,Phoenix,AZ,/services/entity-graph/phoenix-az/
"Authority Building & Digital PR (AI-cited) in Phoenix, AZ",Phoenix AZ Authority Building & Digital PR (AI-cited),Authority Building & Digital PR (AI-cited),authority-pr,Phoenix,AZ,/services/authority-pr/phoenix-az/
"Programmatic SEO (PSEO) Landing Pages in Phoenix, AZ",Phoenix AZ Programmatic SEO (PSEO) Landing Pages,Programmatic SEO (PSEO) Landing Pages,programmatic-seo,Phoenix,AZ,/services/programmatic-seo/phoenix-az/
"AI Consulting & Integration in Phoenix, AZ",Phoenix AZ AI Consulting & Integration,AI Consulting & Integration,ai-consulting,Phoenix,AZ,/services/ai-consulting/phoenix-az/
"Agentic Actions API (/agent.json, /meta.json) in Phoenix, AZ","Phoenix AZ Agentic Actions API (/agent.json, /meta.json)","Agentic Actions API (/agent.json, /meta.json)",agentic-actions-api,Phoenix,AZ,/services/agentic-actions-api/phoenix-az/
"AI Visibility Monitoring & Reporting in Phoenix, AZ",Phoenix AZ AI Visibility Monitoring & Reporting,AI Visibility Monitoring & Reporting,ai-visibility-monitoring,Phoenix,AZ,/services/ai-visibility-monitoring/phoenix-az/
"Agentic SEO & AI Overview Optimization in Philadelphia, PA",Philadelphia PA Agentic SEO & AI Overview Optimization,Agentic SEO & AI Overview Optimization,agentic-seo,Philadelphia,PA,/services/agentic-seo/philadelphia-pa/
"ChatGPT Optimization & LLM Mentions in Philadelphia, PA",Philadelphia PA ChatGPT Optimization & LLM Mentions,ChatGPT Optimization & LLM Mentions,chatgpt-optimization,Philadelphia,PA,/services/chatgpt-optimization/philadelphia-pa/
"AI Visibility Audit (ChatGPT/Perplexity/Claude) in Philadelphia, PA",Philadelphia PA AI Visibility Audit (ChatGPT/Perplexity/Claude),AI Visibility Audit (ChatGPT/Perplexity/Claude),ai-visibility-audit,Philadelphia,PA,/services/ai-visibility-audit/philadelphia-pa/
"Schema Optimizer & Reverse Engineer (JSON-LD) in Philadelphia, PA",Philadelphia PA Schema Optimizer & Reverse Engineer (JSON-LD),Schema Optimizer & Reverse Engineer (JSON-LD),schema-optimizer,Philadelphia,PA,/services/schema-optimizer/philadelphia-pa/
"Entity & Knowledge Graph Implementation in Philadelphia, PA",Philadelphia PA Entity & Knowledge Graph Implementation,Entity & Knowledge Graph Implementation,entity-graph,Philadelphia,PA,/services/entity-graph/philadelphia-pa/
"Authority Building & Digital PR (AI-cited) in Philadelphia, PA",Philadelphia PA Authority Building & Digital PR (AI-cited),Authority Building & Digital PR (AI-cited),authority-pr,Philadelphia,PA,/services/authority-pr/philadelphia-pa/
"Programmatic SEO (PSEO) Landing Pages in Philadelphia, PA",Philadelphia PA Programmatic SEO (PSEO) Landing Pages,Programmatic SEO (PSEO) Landing Pages,programmatic-seo,Philadelphia,PA,/services/programmatic-seo/philadelphia-pa/
"AI Consulting & Integration in Philadelphia, PA",Philadelphia PA AI Consulting & Integration,AI Consulting & Integration,ai-consulting,Philadelphia,PA,/services/ai-consulting/philadelphia-pa/
"Agentic Actions API (/agent.json, /meta.json) in Philadelphia, PA","Philadelphia PA Agentic Actions API (/agent.json, /meta.json)","Agentic Actions API (/agent.json, /meta.json)",agentic-actions-api,Philadelphia,PA,/services/agentic-actions-api/philadelphia-pa/
"AI Visibility Monitoring & Reporting in Philadelphia, PA",Philadelphia PA AI Visibility Monitoring & Reporting,AI Visibility Monitoring & Reporting,ai-visibility-monitoring,Philadelphia,PA,/services/ai-visibility-monitoring/philadelphia-pa/
"Agentic SEO & AI Overview Optimization in San Diego, CA",San Diego CA Agentic SEO & AI Overview Optimization,Agentic SEO & AI Overview Optimization,agentic-seo,San Diego,CA,/services/agentic-seo/san-diego-ca/
"ChatGPT Optimization & LLM Mentions in San Diego, CA",San Diego CA ChatGPT Optimization & LLM Mentions,ChatGPT Optimization & LLM Mentions,chatgpt-optimization,San Diego,CA,/services/chatgpt-optimization/san-diego-ca/
"AI Visibility Audit (ChatGPT/Perplexity/Claude) in San Diego, CA",San Diego CA AI Visibility Audit (ChatGPT/Perplexity/Claude),AI Visibility Audit (ChatGPT/Perplexity/Claude),ai-visibility-audit,San Diego,CA,/services/ai-visibility-audit/san-diego-ca/
"Schema Optimizer & Reverse Engineer (JSON-LD) in San Diego, CA",San Diego CA Schema Optimizer & Reverse Engineer (JSON-LD),Schema Optimizer & Reverse Engineer (JSON-LD),schema-optimizer,San Diego,CA,/services/schema-optimizer/san-diego-ca/
"Entity & Knowledge Graph Implementation in San Diego, CA",San Diego CA Entity & Knowledge Graph Implementation,Entity & Knowledge Graph Implementation,entity-graph,San Diego,CA,/services/entity-graph/san-diego-ca/
"Authority Building & Digital PR (AI-cited) in San Diego, CA",San Diego CA Authority Building & Digital PR (AI-cited),Authority Building & Digital PR (AI-cited),authority-pr,San Diego,CA,/services/authority-pr/san-diego-ca/
"Programmatic SEO (PSEO) Landing Pages in San Diego, CA",San Diego CA Programmatic SEO (PSEO) Landing Pages,Programmatic SEO (PSEO) Landing Pages,programmatic-seo,San Diego,CA,/services/programmatic-seo/san-diego-ca/
"AI Consulting & Integration in San Diego, CA",San Diego CA AI Consulting & Integration,AI Consulting & Integration,ai-consulting,San Diego,CA,/services/ai-consulting/san-diego-ca/
"Agentic Actions API (/agent.json, /meta.json) in San Diego, CA","San Diego CA Agentic Actions API (/agent.json, /meta.json)","Agentic Actions API (/agent.json, /meta.json)",agentic-actions-api,San Diego,CA,/services/agentic-actions-api/san-diego-ca/
"AI Visibility Monitoring & Reporting in San Diego, CA",San Diego CA AI Visibility Monitoring & Reporting,AI Visibility Monitoring & Reporting,ai-visibility-monitoring,San Diego,CA,/services/ai-visibility-monitoring/san-diego-ca/
"Agentic SEO & AI Overview Optimization in Portland, OR",Portland OR Agentic SEO & AI Overview Optimization,Agentic SEO & AI Overview Optimization,agentic-seo,Portland,OR,/services/agentic-seo/portland-or/
"ChatGPT Optimization & LLM Mentions in Portland, OR",Portland OR ChatGPT Optimization & LLM Mentions,ChatGPT Optimization & LLM Mentions,chatgpt-optimization,Portland,OR,/services/chatgpt-optimization/portland-or/
"AI Visibility Audit (ChatGPT/Perplexity/Claude) in Portland, OR",Portland OR AI Visibility Audit (ChatGPT/Perplexity/Claude),AI Visibility Audit (ChatGPT/Perplexity/Claude),ai-visibility-audit,Portland,OR,/services/ai-visibility-audit/portland-or/
"Schema Optimizer & Reverse Engineer (JSON-LD) in Portland, OR",Portland OR Schema Optimizer & Reverse Engineer (JSON-LD),Schema Optimizer & Reverse Engineer (JSON-LD),schema-optimizer,Portland,OR,/services/schema-optimizer/portland-or/
"Entity & Knowledge Graph Implementation in Portland, OR",Portland OR Entity & Knowledge Graph Implementation,Entity & Knowledge Graph Implementation,entity-graph,Portland,OR,/services/entity-graph/portland-or/
"Authority Building & Digital PR (AI-cited) in Portland, OR",Portland OR Authority Building & Digital PR (AI-cited),Authority Building & Digital PR (AI-cited),authority-pr,Portland,OR,/services/authority-pr/portland-or/
"Programmatic SEO (PSEO) Landing Pages in Portland, OR",Portland OR Programmatic SEO (PSEO) Landing Pages,Programmatic SEO (PSEO) Landing Pages,programmatic-seo,Portland,OR,/services/programmatic-seo/portland-or/
"AI Consulting & Integration in Portland, OR",Portland OR AI Consulting & Integration,AI Consulting & Integration,ai-consulting,Portland,OR,/services/ai-consulting/portland-or/
"Agentic Actions API (/agent.json, /meta.json) in Portland, OR","Portland OR Agentic Actions API (/agent.json, /meta.json)","Agentic Actions API (/agent.json, /meta.json)",agentic-actions-api,Portland,OR,/services/agentic-actions-api/portland-or/
"AI Visibility Monitoring & Reporting in Portland, OR",Portland OR AI Visibility Monitoring & Reporting,AI Visibility Monitoring & Reporting,ai-visibility-monitoring,Portland,OR,/services/ai-visibility-monitoring/portland-or/
"Agentic SEO & AI Overview Optimization in Raleigh, NC",Raleigh NC Agentic SEO & AI Overview Optimization,Agentic SEO & AI Overview Optimization,agentic-seo,Raleigh,NC,/services/agentic-seo/raleigh-nc/
"ChatGPT Optimization & LLM Mentions in Raleigh, NC",Raleigh NC ChatGPT Optimization & LLM Mentions,ChatGPT Optimization & LLM Mentions,chatgpt-optimization,Raleigh,NC,/services/chatgpt-optimization/raleigh-nc/
"AI Visibility Audit (ChatGPT/Perplexity/Claude) in Raleigh, NC",Raleigh NC AI Visibility Audit (ChatGPT/Perplexity/Claude),AI Visibility Audit (ChatGPT/Perplexity/Claude),ai-visibility-audit,Raleigh,NC,/services/ai-visibility-audit/raleigh-nc/
"Schema Optimizer & Reverse Engineer (JSON-LD) in Raleigh, NC",Raleigh NC Schema Optimizer & Reverse Engineer (JSON-LD),Schema Optimizer & Reverse Engineer (JSON-LD),schema-optimizer,Raleigh,NC,/services/schema-optimizer/raleigh-nc/
"Entity & Knowledge Graph Implementation in Raleigh, NC",Raleigh NC Entity & Knowledge Graph Implementation,Entity & Knowledge Graph Implementation,entity-graph,Raleigh,NC,/services/entity-graph/raleigh-nc/
"Authority Building & Digital PR (AI-cited) in Raleigh, NC",Raleigh NC Authority Building & Digital PR (AI-cited),Authority Building & Digital PR (AI-cited),authority-pr,Raleigh,NC,/services/authority-pr/raleigh-nc/
"Programmatic SEO (PSEO) Landing Pages in Raleigh, NC",Raleigh NC Programmatic SEO (PSEO) Landing Pages,Programmatic SEO (PSEO) Landing Pages,programmatic-seo,Raleigh,NC,/services/programmatic-seo/raleigh-nc/
"AI Consulting & Integration in Raleigh, NC",Raleigh NC AI Consulting & Integration,AI Consulting & Integration,ai-consulting,Raleigh,NC,/services/ai-consulting/raleigh-nc/
"Agentic Actions API (/agent.json, /meta.json) in Raleigh, NC","Raleigh NC Agentic Actions API (/agent.json, /meta.json)","Agentic Actions API (/agent.json, /meta.json)",agentic-actions-api,Raleigh,NC,/services/agentic-actions-api/raleigh-nc/
"AI Visibility Monitoring & Reporting in Raleigh, NC",Raleigh NC AI Visibility Monitoring & Reporting,AI Visibility Monitoring & Reporting,ai-visibility-monitoring,Raleigh,NC,/services/ai-visibility-monitoring/raleigh-nc/
"Agentic SEO & AI Overview Optimization in Salt Lake City, UT",Salt Lake City UT Agentic SEO & AI Overview Optimization,Agentic SEO & AI Overview Optimization,agentic-seo,Salt Lake City,UT,/services/agentic-seo/salt-lake-city-ut/
"ChatGPT Optimization & LLM Mentions in Salt Lake City, UT",Salt Lake City UT ChatGPT Optimization & LLM Mentions,ChatGPT Optimization & LLM Mentions,chatgpt-optimization,Salt Lake City,UT,/services/chatgpt-optimization/salt-lake-city-ut/
"AI Visibility Audit (ChatGPT/Perplexity/Claude) in Salt Lake City, UT",Salt Lake City UT AI Visibility Audit (ChatGPT/Perplexity/Claude),AI Visibility Audit (ChatGPT/Perplexity/Claude),ai-visibility-audit,Salt Lake City,UT,/services/ai-visibility-audit/salt-lake-city-ut/
"Schema Optimizer & Reverse Engineer (JSON-LD) in Salt Lake City, UT",Salt Lake City UT Schema Optimizer & Reverse Engineer (JSON-LD),Schema Optimizer & Reverse Engineer (JSON-LD),schema-optimizer,Salt Lake City,UT,/services/schema-optimizer/salt-lake-city-ut/
"Entity & Knowledge Graph Implementation in Salt Lake City, UT",Salt Lake City UT Entity & Knowledge Graph Implementation,Entity & Knowledge Graph Implementation,entity-graph,Salt Lake City,UT,/services/entity-graph/salt-lake-city-ut/
"Authority Building & Digital PR (AI-cited) in Salt Lake City, UT",Salt Lake City UT Authority Building & Digital PR (AI-cited),Authority Building & Digital PR (AI-cited),authority-pr,Salt Lake City,UT,/services/authority-pr/salt-lake-city-ut/
"Programmatic SEO (PSEO) Landing Pages in Salt Lake City, UT",Salt Lake City UT Programmatic SEO (PSEO) Landing Pages,Programmatic SEO (PSEO) Landing Pages,programmatic-seo,Salt Lake City,UT,/services/programmatic-seo/salt-lake-city-ut/
"AI Consulting & Integration in Salt Lake City, UT",Salt Lake City UT AI Consulting & Integration,AI Consulting & Integration,ai-consulting,Salt Lake City,UT,/services/ai-consulting/salt-lake-city-ut/
"Agentic Actions API (/agent.json, /meta.json) in Salt Lake City, UT","Salt Lake City UT Agentic Actions API (/agent.json, /meta.json)","Agentic Actions API (/agent.json, /meta.json)",agentic-actions-api,Salt Lake City,UT,/services/agentic-actions-api/salt-lake-city-ut/
"AI Visibility Monitoring & Reporting in Salt Lake City, UT",Salt Lake City UT AI Visibility Monitoring & Reporting,AI Visibility Monitoring & Reporting,ai-visibility-monitoring,Salt Lake City,UT,/services/ai-visibility-monitoring/salt-lake-city-ut/
