city,region,state_code,country,slug,service,alt_service,pain_point,tagline,cta_phone,cta_email
Birmingham,Alabama,AL,US,birmingham,AI Consulting,Agentic SEO,Struggling to appear in AI Overviews,Turn AI search into booked clients,+1 844-568-4624,consult@nrlcmd.com
Montgomery,Alabama,AL,US,montgomery,Agentic SEO,AI Visibility Audit,Low CTR on service pages,Make your content discoverable to agents,+1 844-568-4624,consult@nrlcmd.com
Mobile,Alabama,AL,US,mobile,Schema Optimization,Schema Optimization,Thin or duplicate content across locations,Ship validated schema and rank faster,+1 844-568-4624,consult@nrlcmd.com
Huntsville,Alabama,AL,US,huntsville,AI Visibility Audit,AI Discovery Optimization,No structured data / invalid JSON-LD,Own your niche in AI search,+1 844-568-4624,consult@nrlcmd.com
Tuscaloosa,Alabama,AL,US,tuscaloosa,Generative Engine Optimization,Agentic SEO,Weak local rankings vs national brands,AI-first SEO for local markets,+1 844-568-4624,consult@nrlcmd.com
Auburn,Alabama,AL,US,auburn,AI Consulting,AI Visibility Audit,Poor mobile Core Web Vitals,From impressions to qualified leads,+1 844-568-4624,consult@nrlcmd.com
Anchorage,Alaska,AK,US,anchorage,Agentic SEO,Schema Optimization,Pages are CSR-only (no SSR head/meta),Built for AI Overview eligibility,+1 844-568-4624,consult@nrlcmd.com
Fairbanks,Alaska,AK,US,fairbanks,Schema Optimization,AI Discovery Optimization,Agents can’t discover actionable endpoints,Structured data that actually converts,+1 844-568-4624,consult@nrlcmd.com
Juneau,Alaska,AK,US,juneau,AI Visibility Audit,Agentic SEO,Sitemap gaps and crawl waste,"Faster crawl, clearer snippets",+1 844-568-4624,consult@nrlcmd.com
Phoenix,Arizona,AZ,US,phoenix,Generative Engine Optimization,AI Visibility Audit,Inconsistent NAP/LocalBusiness signals,Operational SEO for 2025+,+1 844-568-4624,consult@nrlcmd.com
Tucson,Arizona,AZ,US,tucson,AI Consulting,Schema Optimization,Struggling to appear in AI Overviews,Turn AI search into booked clients,+1 844-568-4624,consult@nrlcmd.com
Mesa,Arizona,AZ,US,mesa,Agentic SEO,AI Discovery Optimization,Low CTR on service pages,Make your content discoverable to agents,+1 844-568-4624,consult@nrlcmd.com
Chandler,Arizona,AZ,US,chandler,Schema Optimization,Agentic SEO,Thin or duplicate content across locations,Ship validated schema and rank faster,+1 844-568-4624,consult@nrlcmd.com
Gilbert,Arizona,AZ,US,gilbert,AI Visibility Audit,AI Visibility Audit,No structured data / invalid JSON-LD,Own your niche in AI search,+1 844-568-4624,consult@nrlcmd.com
Flagstaff,Arizona,AZ,US,flagstaff,Generative Engine Optimization,Schema Optimization,Weak local rankings vs national brands,AI-first SEO for local markets,+1 844-568-4624,consult@nrlcmd.com
Little Rock,Arkansas,AR,US,little-rock,AI Consulting,AI Discovery Optimization,Poor mobile Core Web Vitals,From impressions to qualified leads,+1 844-568-4624,consult@nrlcmd.com
Fayetteville,Arkansas,AR,US,fayetteville,Agentic SEO,Agentic SEO,Pages are CSR-only (no SSR head/meta),Built for AI Overview eligibility,+1 844-568-4624,consult@nrlcmd.com
Jonesboro,Arkansas,AR,US,jonesboro,Schema Optimization,AI Visibility Audit,Agents can’t discover actionable endpoints,Structured data that actually converts,+1 844-568-4624,consult@nrlcmd.com
Fort Smith,Arkansas,AR,US,fort-smith,AI Visibility Audit,Schema Optimization,Sitemap gaps and crawl waste,"Faster crawl, clearer snippets",+1 844-568-4624,consult@nrlcmd.com
Rogers,Arkansas,AR,US,rogers,Generative Engine Optimization,AI Discovery Optimization,Inconsistent NAP/LocalBusiness signals,Operational SEO for 2025+,+1 844-568-4624,consult@nrlcmd.com
Los Angeles,California,CA,US,los-angeles,AI Consulting,Agentic SEO,Struggling to appear in AI Overviews,Turn AI search into booked clients,+1 844-568-4624,consult@nrlcmd.com
San Diego,California,CA,US,san-diego,Agentic SEO,AI Visibility Audit,Low CTR on service pages,Make your content discoverable to agents,+1 844-568-4624,consult@nrlcmd.com
San Jose,California,CA,US,san-jose,Schema Optimization,Schema Optimization,Thin or duplicate content across locations,Ship validated schema and rank faster,+1 844-568-4624,consult@nrlcmd.com
San Francisco,California,CA,US,san-francisco,AI Visibility Audit,AI Discovery Optimization,No structured data / invalid JSON-LD,Own your niche in AI search,+1 844-568-4624,consult@nrlcmd.com
Fresno,California,CA,US,fresno,Generative Engine Optimization,Agentic SEO,Weak local rankings vs national brands,AI-first SEO for local markets,+1 844-568-4624,consult@nrlcmd.com
Sacramento,California,CA,US,sacramento,AI Consulting,AI Visibility Audit,Poor mobile Core Web Vitals,From impressions to qualified leads,+1 844-568-4624,consult@nrlcmd.com
Long Beach,California,CA,US,long-beach,Agentic SEO,Schema Optimization,Pages are CSR-only (no SSR head/meta),Built for AI Overview eligibility,+1 844-568-4624,consult@nrlcmd.com
Oakland,California,CA,US,oakland,Schema Optimization,AI Discovery Optimization,Agents can’t discover actionable endpoints,Structured data that actually converts,+1 844-568-4624,consult@nrlcmd.com
Bakersfield,California,CA,US,bakersfield,AI Visibility Audit,Agentic SEO,Sitemap gaps and crawl waste,"Faster crawl, clearer snippets",+1 844-568-4624,consult@nrlcmd.com
Riverside,California,CA,US,riverside,Generative Engine Optimization,AI Visibility Audit,Inconsistent NAP/LocalBusiness signals,Operational SEO for 2025+,+1 844-568-4624,consult@nrlcmd.com
Santa Ana,California,CA,US,santa-ana,AI Consulting,Schema Optimization,Struggling to appear in AI Overviews,Turn AI search into booked clients,+1 844-568-4624,consult@nrlcmd.com
Irvine,California,CA,US,irvine,Agentic SEO,AI Discovery Optimization,Low CTR on service pages,Make your content discoverable to agents,+1 844-568-4624,consult@nrlcmd.com
Anaheim,California,CA,US,anaheim,Schema Optimization,Agentic SEO,Thin or duplicate content across locations,Ship validated schema and rank faster,+1 844-568-4624,consult@nrlcmd.com
Oxnard,California,CA,US,oxnard,AI Visibility Audit,AI Visibility Audit,No structured data / invalid JSON-LD,Own your niche in AI search,+1 844-568-4624,consult@nrlcmd.com
Modesto,California,CA,US,modesto,Generative Engine Optimization,Schema Optimization,Weak local rankings vs national brands,AI-first SEO for local markets,+1 844-568-4624,consult@nrlcmd.com
Oceanside,California,CA,US,oceanside,AI Consulting,AI Discovery Optimization,Poor mobile Core Web Vitals,From impressions to qualified leads,+1 844-568-4624,consult@nrlcmd.com
Chula Vista,California,CA,US,chula-vista,Agentic SEO,Agentic SEO,Pages are CSR-only (no SSR head/meta),Built for AI Overview eligibility,+1 844-568-4624,consult@nrlcmd.com
Santa Rosa,California,CA,US,santa-rosa,Schema Optimization,AI Visibility Audit,Agents can’t discover actionable endpoints,Structured data that actually converts,+1 844-568-4624,consult@nrlcmd.com
Stockton,California,CA,US,stockton,AI Visibility Audit,Schema Optimization,Sitemap gaps and crawl waste,"Faster crawl, clearer snippets",+1 844-568-4624,consult@nrlcmd.com
Palm Springs,California,CA,US,palm-springs,Generative Engine Optimization,AI Discovery Optimization,Inconsistent NAP/LocalBusiness signals,Operational SEO for 2025+,+1 844-568-4624,consult@nrlcmd.com
San Luis Obispo,California,CA,US,san-luis-obispo,AI Consulting,Agentic SEO,Struggling to appear in AI Overviews,Turn AI search into booked clients,+1 844-568-4624,consult@nrlcmd.com
Redding,California,CA,US,redding,Agentic SEO,AI Visibility Audit,Low CTR on service pages,Make your content discoverable to agents,+1 844-568-4624,consult@nrlcmd.com
Visalia,California,CA,US,visalia,Schema Optimization,Schema Optimization,Thin or duplicate content across locations,Ship validated schema and rank faster,+1 844-568-4624,consult@nrlcmd.com
Temecula,California,CA,US,temecula,AI Visibility Audit,AI Discovery Optimization,No structured data / invalid JSON-LD,Own your niche in AI search,+1 844-568-4624,consult@nrlcmd.com
Denver,Colorado,CO,US,denver,Generative Engine Optimization,Agentic SEO,Weak local rankings vs national brands,AI-first SEO for local markets,+1 844-568-4624,consult@nrlcmd.com
Colorado Springs,Colorado,CO,US,colorado-springs,AI Consulting,AI Visibility Audit,Poor mobile Core Web Vitals,From impressions to qualified leads,+1 844-568-4624,consult@nrlcmd.com
Aurora,Colorado,CO,US,aurora,Agentic SEO,Schema Optimization,Pages are CSR-only (no SSR head/meta),Built for AI Overview eligibility,+1 844-568-4624,consult@nrlcmd.com
Fort Collins,Colorado,CO,US,fort-collins,Schema Optimization,AI Discovery Optimization,Agents can’t discover actionable endpoints,Structured data that actually converts,+1 844-568-4624,consult@nrlcmd.com
Boulder,Colorado,CO,US,boulder,AI Visibility Audit,Agentic SEO,Sitemap gaps and crawl waste,"Faster crawl, clearer snippets",+1 844-568-4624,consult@nrlcmd.com
Greeley,Colorado,CO,US,greeley,Generative Engine Optimization,AI Visibility Audit,Inconsistent NAP/LocalBusiness signals,Operational SEO for 2025+,+1 844-568-4624,consult@nrlcmd.com
Pueblo,Colorado,CO,US,pueblo,AI Consulting,Schema Optimization,Struggling to appear in AI Overviews,Turn AI search into booked clients,+1 844-568-4624,consult@nrlcmd.com
Grand Junction,Colorado,CO,US,grand-junction,Agentic SEO,AI Discovery Optimization,Low CTR on service pages,Make your content discoverable to agents,+1 844-568-4624,consult@nrlcmd.com
Bridgeport,Connecticut,CT,US,bridgeport,Schema Optimization,Agentic SEO,Thin or duplicate content across locations,Ship validated schema and rank faster,+1 844-568-4624,consult@nrlcmd.com
New Haven,Connecticut,CT,US,new-haven,AI Visibility Audit,AI Visibility Audit,No structured data / invalid JSON-LD,Own your niche in AI search,+1 844-568-4624,consult@nrlcmd.com
Hartford,Connecticut,CT,US,hartford,Generative Engine Optimization,Schema Optimization,Weak local rankings vs national brands,AI-first SEO for local markets,+1 844-568-4624,consult@nrlcmd.com
Stamford,Connecticut,CT,US,stamford,AI Consulting,AI Discovery Optimization,Poor mobile Core Web Vitals,From impressions to qualified leads,+1 844-568-4624,consult@nrlcmd.com
Norwalk,Connecticut,CT,US,norwalk,Agentic SEO,Agentic SEO,Pages are CSR-only (no SSR head/meta),Built for AI Overview eligibility,+1 844-568-4624,consult@nrlcmd.com
Wilmington,Delaware,DE,US,wilmington,Schema Optimization,AI Visibility Audit,Agents can’t discover actionable endpoints,Structured data that actually converts,+1 844-568-4624,consult@nrlcmd.com
Dover,Delaware,DE,US,dover,AI Visibility Audit,Schema Optimization,Sitemap gaps and crawl waste,"Faster crawl, clearer snippets",+1 844-568-4624,consult@nrlcmd.com
Newark,Delaware,DE,US,newark,Generative Engine Optimization,AI Discovery Optimization,Inconsistent NAP/LocalBusiness signals,Operational SEO for 2025+,+1 844-568-4624,consult@nrlcmd.com
Miami,Florida,FL,US,miami,AI Consulting,Agentic SEO,Struggling to appear in AI Overviews,Turn AI search into booked clients,+1 844-568-4624,consult@nrlcmd.com
Orlando,Florida,FL,US,orlando,Agentic SEO,AI Visibility Audit,Low CTR on service pages,Make your content discoverable to agents,+1 844-568-4624,consult@nrlcmd.com
Tampa,Florida,FL,US,tampa,Schema Optimization,Schema Optimization,Thin or duplicate content across locations,Ship validated schema and rank faster,+1 844-568-4624,consult@nrlcmd.com
Jacksonville,Florida,FL,US,jacksonville,AI Visibility Audit,AI Discovery Optimization,No structured data / invalid JSON-LD,Own your niche in AI search,+1 844-568-4624,consult@nrlcmd.com
Tallahassee,Florida,FL,US,tallahassee,Generative Engine Optimization,Agentic SEO,Weak local rankings vs national brands,AI-first SEO for local markets,+1 844-568-4624,consult@nrlcmd.com
St. Petersburg,Florida,FL,US,st-petersburg,AI Consulting,AI Visibility Audit,Poor mobile Core Web Vitals,From impressions to qualified leads,+1 844-568-4624,consult@nrlcmd.com
Hialeah,Florida,FL,US,hialeah,Agentic SEO,Schema Optimization,Pages are CSR-only (no SSR head/meta),Built for AI Overview eligibility,+1 844-568-4624,consult@nrlcmd.com
Fort Lauderdale,Florida,FL,US,fort-lauderdale,Schema Optimization,AI Discovery Optimization,Agents can’t discover actionable endpoints,Structured data that actually converts,+1 844-568-4624,consult@nrlcmd.com
Sarasota,Florida,FL,US,sarasota,AI Visibility Audit,Agentic SEO,Sitemap gaps and crawl waste,"Faster crawl, clearer snippets",+1 844-568-4624,consult@nrlcmd.com
Pensacola,Florida,FL,US,pensacola,Generative Engine Optimization,AI Visibility Audit,Inconsistent NAP/LocalBusiness signals,Operational SEO for 2025+,+1 844-568-4624,consult@nrlcmd.com
Gainesville,Florida,FL,US,gainesville,AI Consulting,Schema Optimization,Struggling to appear in AI Overviews,Turn AI search into booked clients,+1 844-568-4624,consult@nrlcmd.com
Fort Myers,Florida,FL,US,fort-myers,Agentic SEO,AI Discovery Optimization,Low CTR on service pages,Make your content discoverable to agents,+1 844-568-4624,consult@nrlcmd.com
Naples,Florida,FL,US,naples,Schema Optimization,Agentic SEO,Thin or duplicate content across locations,Ship validated schema and rank faster,+1 844-568-4624,consult@nrlcmd.com
Ocala,Florida,FL,US,ocala,AI Visibility Audit,AI Visibility Audit,No structured data / invalid JSON-LD,Own your niche in AI search,+1 844-568-4624,consult@nrlcmd.com
Lakeland,Florida,FL,US,lakeland,Generative Engine Optimization,Schema Optimization,Weak local rankings vs national brands,AI-first SEO for local markets,+1 844-568-4624,consult@nrlcmd.com
Atlanta,Georgia,GA,US,atlanta,AI Consulting,AI Discovery Optimization,Poor mobile Core Web Vitals,From impressions to qualified leads,+1 844-568-4624,consult@nrlcmd.com
Savannah,Georgia,GA,US,savannah,Agentic SEO,Agentic SEO,Pages are CSR-only (no SSR head/meta),Built for AI Overview eligibility,+1 844-568-4624,consult@nrlcmd.com
Augusta,Georgia,GA,US,augusta,Schema Optimization,AI Visibility Audit,Agents can’t discover actionable endpoints,Structured data that actually converts,+1 844-568-4624,consult@nrlcmd.com
Columbus,Georgia,GA,US,columbus,AI Visibility Audit,Schema Optimization,Sitemap gaps and crawl waste,"Faster crawl, clearer snippets",+1 844-568-4624,consult@nrlcmd.com
Macon,Georgia,GA,US,macon,Generative Engine Optimization,AI Discovery Optimization,Inconsistent NAP/LocalBusiness signals,Operational SEO for 2025+,+1 844-568-4624,consult@nrlcmd.com
Athens,Georgia,GA,US,athens,AI Consulting,Agentic SEO,Struggling to appear in AI Overviews,Turn AI search into booked clients,+1 844-568-4624,consult@nrlcmd.com
Albany,Georgia,GA,US,albany,Agentic SEO,AI Visibility Audit,Low CTR on service pages,Make your content discoverable to agents,+1 844-568-4624,consult@nrlcmd.com
Valdosta,Georgia,GA,US,valdosta,Schema Optimization,Schema Optimization,Thin or duplicate content across locations,Ship validated schema and rank faster,+1 844-568-4624,consult@nrlcmd.com
Honolulu,Hawaii,HI,US,honolulu,AI Visibility Audit,AI Discovery Optimization,No structured data / invalid JSON-LD,Own your niche in AI search,+1 844-568-4624,consult@nrlcmd.com
Hilo,Hawaii,HI,US,hilo,Generative Engine Optimization,Agentic SEO,Weak local rankings vs national brands,AI-first SEO for local markets,+1 844-568-4624,consult@nrlcmd.com
Kailua,Hawaii,HI,US,kailua,AI Consulting,AI Visibility Audit,Poor mobile Core Web Vitals,From impressions to qualified leads,+1 844-568-4624,consult@nrlcmd.com
Boise,Idaho,ID,US,boise,Agentic SEO,Schema Optimization,Pages are CSR-only (no SSR head/meta),Built for AI Overview eligibility,+1 844-568-4624,consult@nrlcmd.com
Nampa,Idaho,ID,US,nampa,Schema Optimization,AI Discovery Optimization,Agents can’t discover actionable endpoints,Structured data that actually converts,+1 844-568-4624,consult@nrlcmd.com
Idaho Falls,Idaho,ID,US,idaho-falls,AI Visibility Audit,Agentic SEO,Sitemap gaps and crawl waste,"Faster crawl, clearer snippets",+1 844-568-4624,consult@nrlcmd.com
Twin Falls,Idaho,ID,US,twin-falls,Generative Engine Optimization,AI Visibility Audit,Inconsistent NAP/LocalBusiness signals,Operational SEO for 2025+,+1 844-568-4624,consult@nrlcmd.com
Pocatello,Idaho,ID,US,pocatello,AI Consulting,Schema Optimization,Struggling to appear in AI Overviews,Turn AI search into booked clients,+1 844-568-4624,consult@nrlcmd.com
Chicago,Illinois,IL,US,chicago,Agentic SEO,AI Discovery Optimization,Low CTR on service pages,Make your content discoverable to agents,+1 844-568-4624,consult@nrlcmd.com
Aurora,Illinois,IL,US,aurora,Schema Optimization,Agentic SEO,Thin or duplicate content across locations,Ship validated schema and rank faster,+1 844-568-4624,consult@nrlcmd.com
Naperville,Illinois,IL,US,naperville,AI Visibility Audit,AI Visibility Audit,No structured data / invalid JSON-LD,Own your niche in AI search,+1 844-568-4624,consult@nrlcmd.com
Joliet,Illinois,IL,US,joliet,Generative Engine Optimization,Schema Optimization,Weak local rankings vs national brands,AI-first SEO for local markets,+1 844-568-4624,consult@nrlcmd.com
Peoria,Illinois,IL,US,peoria,AI Consulting,AI Discovery Optimization,Poor mobile Core Web Vitals,From impressions to qualified leads,+1 844-568-4624,consult@nrlcmd.com
Rockford,Illinois,IL,US,rockford,Agentic SEO,Agentic SEO,Pages are CSR-only (no SSR head/meta),Built for AI Overview eligibility,+1 844-568-4624,consult@nrlcmd.com
Springfield,Illinois,IL,US,springfield,Schema Optimization,AI Visibility Audit,Agents can’t discover actionable endpoints,Structured data that actually converts,+1 844-568-4624,consult@nrlcmd.com
Champaign,Illinois,IL,US,champaign,AI Visibility Audit,Schema Optimization,Sitemap gaps and crawl waste,"Faster crawl, clearer snippets",+1 844-568-4624,consult@nrlcmd.com
Bloomington,Illinois,IL,US,bloomington,Generative Engine Optimization,AI Discovery Optimization,Inconsistent NAP/LocalBusiness signals,Operational SEO for 2025+,+1 844-568-4624,consult@nrlcmd.com
Indianapolis,Indiana,IN,US,indianapolis,AI Consulting,Agentic SEO,Struggling to appear in AI Overviews,Turn AI search into booked clients,+1 844-568-4624,consult@nrlcmd.com
Fort Wayne,Indiana,IN,US,fort-wayne,Agentic SEO,AI Visibility Audit,Low CTR on service pages,Make your content discoverable to agents,+1 844-568-4624,consult@nrlcmd.com
Evansville,Indiana,IN,US,evansville,Schema Optimization,Schema Optimization,Thin or duplicate content across locations,Ship validated schema and rank faster,+1 844-568-4624,consult@nrlcmd.com
South Bend,Indiana,IN,US,south-bend,AI Visibility Audit,AI Discovery Optimization,No structured data / invalid JSON-LD,Own your niche in AI search,+1 844-568-4624,consult@nrlcmd.com
Carmel,Indiana,IN,US,carmel,Generative Engine Optimization,Agentic SEO,Weak local rankings vs national brands,AI-first SEO for local markets,+1 844-568-4624,consult@nrlcmd.com
Bloomington,Indiana,IN,US,bloomington,AI Consulting,AI Visibility Audit,Poor mobile Core Web Vitals,From impressions to qualified leads,+1 844-568-4624,consult@nrlcmd.com
Lafayette,Indiana,IN,US,lafayette,Agentic SEO,Schema Optimization,Pages are CSR-only (no SSR head/meta),Built for AI Overview eligibility,+1 844-568-4624,consult@nrlcmd.com
Muncie,Indiana,IN,US,muncie,Schema Optimization,AI Discovery Optimization,Agents can’t discover actionable endpoints,Structured data that actually converts,+1 844-568-4624,consult@nrlcmd.com
Des Moines,Iowa,IA,US,des-moines,AI Visibility Audit,Agentic SEO,Sitemap gaps and crawl waste,"Faster crawl, clearer snippets",+1 844-568-4624,consult@nrlcmd.com
Cedar Rapids,Iowa,IA,US,cedar-rapids,Generative Engine Optimization,AI Visibility Audit,Inconsistent NAP/LocalBusiness signals,Operational SEO for 2025+,+1 844-568-4624,consult@nrlcmd.com
Davenport,Iowa,IA,US,davenport,AI Consulting,Schema Optimization,Struggling to appear in AI Overviews,Turn AI search into booked clients,+1 844-568-4624,consult@nrlcmd.com
Sioux City,Iowa,IA,US,sioux-city,Agentic SEO,AI Discovery Optimization,Low CTR on service pages,Make your content discoverable to agents,+1 844-568-4624,consult@nrlcmd.com
Iowa City,Iowa,IA,US,iowa-city,Schema Optimization,Agentic SEO,Thin or duplicate content across locations,Ship validated schema and rank faster,+1 844-568-4624,consult@nrlcmd.com
Ames,Iowa,IA,US,ames,AI Visibility Audit,AI Visibility Audit,No structured data / invalid JSON-LD,Own your niche in AI search,+1 844-568-4624,consult@nrlcmd.com
Wichita,Kansas,KS,US,wichita,Generative Engine Optimization,Schema Optimization,Weak local rankings vs national brands,AI-first SEO for local markets,+1 844-568-4624,consult@nrlcmd.com
Overland Park,Kansas,KS,US,overland-park,AI Consulting,AI Discovery Optimization,Poor mobile Core Web Vitals,From impressions to qualified leads,+1 844-568-4624,consult@nrlcmd.com
Olathe,Kansas,KS,US,olathe,Agentic SEO,Agentic SEO,Pages are CSR-only (no SSR head/meta),Built for AI Overview eligibility,+1 844-568-4624,consult@nrlcmd.com
Topeka,Kansas,KS,US,topeka,Schema Optimization,AI Visibility Audit,Agents can’t discover actionable endpoints,Structured data that actually converts,+1 844-568-4624,consult@nrlcmd.com
Lawrence,Kansas,KS,US,lawrence,AI Visibility Audit,Schema Optimization,Sitemap gaps and crawl waste,"Faster crawl, clearer snippets",+1 844-568-4624,consult@nrlcmd.com
Manhattan,Kansas,KS,US,manhattan,Generative Engine Optimization,AI Discovery Optimization,Inconsistent NAP/LocalBusiness signals,Operational SEO for 2025+,+1 844-568-4624,consult@nrlcmd.com
Louisville,Kentucky,KY,US,louisville,AI Consulting,Agentic SEO,Struggling to appear in AI Overviews,Turn AI search into booked clients,+1 844-568-4624,consult@nrlcmd.com
Lexington,Kentucky,KY,US,lexington,Agentic SEO,AI Visibility Audit,Low CTR on service pages,Make your content discoverable to agents,+1 844-568-4624,consult@nrlcmd.com
Bowling Green,Kentucky,KY,US,bowling-green,Schema Optimization,Schema Optimization,Thin or duplicate content across locations,Ship validated schema and rank faster,+1 844-568-4624,consult@nrlcmd.com
Owensboro,Kentucky,KY,US,owensboro,AI Visibility Audit,AI Discovery Optimization,No structured data / invalid JSON-LD,Own your niche in AI search,+1 844-568-4624,consult@nrlcmd.com
Covington,Kentucky,KY,US,covington,Generative Engine Optimization,Agentic SEO,Weak local rankings vs national brands,AI-first SEO for local markets,+1 844-568-4624,consult@nrlcmd.com
New Orleans,Louisiana,LA,US,new-orleans,AI Consulting,AI Visibility Audit,Poor mobile Core Web Vitals,From impressions to qualified leads,+1 844-568-4624,consult@nrlcmd.com
Baton Rouge,Louisiana,LA,US,baton-rouge,Agentic SEO,Schema Optimization,Pages are CSR-only (no SSR head/meta),Built for AI Overview eligibility,+1 844-568-4624,consult@nrlcmd.com
Lafayette,Louisiana,LA,US,lafayette,Schema Optimization,AI Discovery Optimization,Agents can’t discover actionable endpoints,Structured data that actually converts,+1 844-568-4624,consult@nrlcmd.com
Shreveport,Louisiana,LA,US,shreveport,AI Visibility Audit,Agentic SEO,Sitemap gaps and crawl waste,"Faster crawl, clearer snippets",+1 844-568-4624,consult@nrlcmd.com
Lake Charles,Louisiana,LA,US,lake-charles,Generative Engine Optimization,AI Visibility Audit,Inconsistent NAP/LocalBusiness signals,Operational SEO for 2025+,+1 844-568-4624,consult@nrlcmd.com
Monroe,Louisiana,LA,US,monroe,AI Consulting,Schema Optimization,Struggling to appear in AI Overviews,Turn AI search into booked clients,+1 844-568-4624,consult@nrlcmd.com
Portland,Maine,ME,US,portland,Agentic SEO,AI Discovery Optimization,Low CTR on service pages,Make your content discoverable to agents,+1 844-568-4624,consult@nrlcmd.com
Lewiston,Maine,ME,US,lewiston,Schema Optimization,Agentic SEO,Thin or duplicate content across locations,Ship validated schema and rank faster,+1 844-568-4624,consult@nrlcmd.com
Bangor,Maine,ME,US,bangor,AI Visibility Audit,AI Visibility Audit,No structured data / invalid JSON-LD,Own your niche in AI search,+1 844-568-4624,consult@nrlcmd.com
Baltimore,Maryland,MD,US,baltimore,Generative Engine Optimization,Schema Optimization,Weak local rankings vs national brands,AI-first SEO for local markets,+1 844-568-4624,consult@nrlcmd.com
Columbia,Maryland,MD,US,columbia,AI Consulting,AI Discovery Optimization,Poor mobile Core Web Vitals,From impressions to qualified leads,+1 844-568-4624,consult@nrlcmd.com
Annapolis,Maryland,MD,US,annapolis,Agentic SEO,Agentic SEO,Pages are CSR-only (no SSR head/meta),Built for AI Overview eligibility,+1 844-568-4624,consult@nrlcmd.com
Frederick,Maryland,MD,US,frederick,Schema Optimization,AI Visibility Audit,Agents can’t discover actionable endpoints,Structured data that actually converts,+1 844-568-4624,consult@nrlcmd.com
Rockville,Maryland,MD,US,rockville,AI Visibility Audit,Schema Optimization,Sitemap gaps and crawl waste,"Faster crawl, clearer snippets",+1 844-568-4624,consult@nrlcmd.com
Boston,Massachusetts,MA,US,boston,Generative Engine Optimization,AI Discovery Optimization,Inconsistent NAP/LocalBusiness signals,Operational SEO for 2025+,+1 844-568-4624,consult@nrlcmd.com
Worcester,Massachusetts,MA,US,worcester,AI Consulting,Agentic SEO,Struggling to appear in AI Overviews,Turn AI search into booked clients,+1 844-568-4624,consult@nrlcmd.com
Springfield,Massachusetts,MA,US,springfield,Agentic SEO,AI Visibility Audit,Low CTR on service pages,Make your content discoverable to agents,+1 844-568-4624,consult@nrlcmd.com
Cambridge,Massachusetts,MA,US,cambridge,Schema Optimization,Schema Optimization,Thin or duplicate content across locations,Ship validated schema and rank faster,+1 844-568-4624,consult@nrlcmd.com
Lowell,Massachusetts,MA,US,lowell,AI Visibility Audit,AI Discovery Optimization,No structured data / invalid JSON-LD,Own your niche in AI search,+1 844-568-4624,consult@nrlcmd.com
New Bedford,Massachusetts,MA,US,new-bedford,Generative Engine Optimization,Agentic SEO,Weak local rankings vs national brands,AI-first SEO for local markets,+1 844-568-4624,consult@nrlcmd.com
Brockton,Massachusetts,MA,US,brockton,AI Consulting,AI Visibility Audit,Poor mobile Core Web Vitals,From impressions to qualified leads,+1 844-568-4624,consult@nrlcmd.com
Quincy,Massachusetts,MA,US,quincy,Agentic SEO,Schema Optimization,Pages are CSR-only (no SSR head/meta),Built for AI Overview eligibility,+1 844-568-4624,consult@nrlcmd.com
Detroit,Michigan,MI,US,detroit,Schema Optimization,AI Discovery Optimization,Agents can’t discover actionable endpoints,Structured data that actually converts,+1 844-568-4624,consult@nrlcmd.com
Grand Rapids,Michigan,MI,US,grand-rapids,AI Visibility Audit,Agentic SEO,Sitemap gaps and crawl waste,"Faster crawl, clearer snippets",+1 844-568-4624,consult@nrlcmd.com
Warren,Michigan,MI,US,warren,Generative Engine Optimization,AI Visibility Audit,Inconsistent NAP/LocalBusiness signals,Operational SEO for 2025+,+1 844-568-4624,consult@nrlcmd.com
Sterling Heights,Michigan,MI,US,sterling-heights,AI Consulting,Schema Optimization,Struggling to appear in AI Overviews,Turn AI search into booked clients,+1 844-568-4624,consult@nrlcmd.com
Ann Arbor,Michigan,MI,US,ann-arbor,Agentic SEO,AI Discovery Optimization,Low CTR on service pages,Make your content discoverable to agents,+1 844-568-4624,consult@nrlcmd.com
Lansing,Michigan,MI,US,lansing,Schema Optimization,Agentic SEO,Thin or duplicate content across locations,Ship validated schema and rank faster,+1 844-568-4624,consult@nrlcmd.com
Flint,Michigan,MI,US,flint,AI Visibility Audit,AI Visibility Audit,No structured data / invalid JSON-LD,Own your niche in AI search,+1 844-568-4624,consult@nrlcmd.com
Kalamazoo,Michigan,MI,US,kalamazoo,Generative Engine Optimization,Schema Optimization,Weak local rankings vs national brands,AI-first SEO for local markets,+1 844-568-4624,consult@nrlcmd.com
Dearborn,Michigan,MI,US,dearborn,AI Consulting,AI Discovery Optimization,Poor mobile Core Web Vitals,From impressions to qualified leads,+1 844-568-4624,consult@nrlcmd.com
Minneapolis,Minnesota,MN,US,minneapolis,Agentic SEO,Agentic SEO,Pages are CSR-only (no SSR head/meta),Built for AI Overview eligibility,+1 844-568-4624,consult@nrlcmd.com
Saint Paul,Minnesota,MN,US,saint-paul,Schema Optimization,AI Visibility Audit,Agents can’t discover actionable endpoints,Structured data that actually converts,+1 844-568-4624,consult@nrlcmd.com
Rochester,Minnesota,MN,US,rochester,AI Visibility Audit,Schema Optimization,Sitemap gaps and crawl waste,"Faster crawl, clearer snippets",+1 844-568-4624,consult@nrlcmd.com
Duluth,Minnesota,MN,US,duluth,Generative Engine Optimization,AI Discovery Optimization,Inconsistent NAP/LocalBusiness signals,Operational SEO for 2025+,+1 844-568-4624,consult@nrlcmd.com
Bloomington,Minnesota,MN,US,bloomington,AI Consulting,Agentic SEO,Struggling to appear in AI Overviews,Turn AI search into booked clients,+1 844-568-4624,consult@nrlcmd.com
Jackson,Mississippi,MS,US,jackson,Agentic SEO,AI Visibility Audit,Low CTR on service pages,Make your content discoverable to agents,+1 844-568-4624,consult@nrlcmd.com
Gulfport,Mississippi,MS,US,gulfport,Schema Optimization,Schema Optimization,Thin or duplicate content across locations,Ship validated schema and rank faster,+1 844-568-4624,consult@nrlcmd.com
Hattiesburg,Mississippi,MS,US,hattiesburg,AI Visibility Audit,AI Discovery Optimization,No structured data / invalid JSON-LD,Own your niche in AI search,+1 844-568-4624,consult@nrlcmd.com
Kansas City,Missouri,MO,US,kansas-city,Generative Engine Optimization,Agentic SEO,Weak local rankings vs national brands,AI-first SEO for local markets,+1 844-568-4624,consult@nrlcmd.com
St. Louis,Missouri,MO,US,st-louis,AI Consulting,AI Visibility Audit,Poor mobile Core Web Vitals,From impressions to qualified leads,+1 844-568-4624,consult@nrlcmd.com
Springfield,Missouri,MO,US,springfield,Agentic SEO,Schema Optimization,Pages are CSR-only (no SSR head/meta),Built for AI Overview eligibility,+1 844-568-4624,consult@nrlcmd.com
Columbia,Missouri,MO,US,columbia,Schema Optimization,AI Discovery Optimization,Agents can’t discover actionable endpoints,Structured data that actually converts,+1 844-568-4624,consult@nrlcmd.com
Independence,Missouri,MO,US,independence,AI Visibility Audit,Agentic SEO,Sitemap gaps and crawl waste,"Faster crawl, clearer snippets",+1 844-568-4624,consult@nrlcmd.com
Billings,Montana,MT,US,billings,Generative Engine Optimization,AI Visibility Audit,Inconsistent NAP/LocalBusiness signals,Operational SEO for 2025+,+1 844-568-4624,consult@nrlcmd.com
Missoula,Montana,MT,US,missoula,AI Consulting,Schema Optimization,Struggling to appear in AI Overviews,Turn AI search into booked clients,+1 844-568-4624,consult@nrlcmd.com
Bozeman,Montana,MT,US,bozeman,Agentic SEO,AI Discovery Optimization,Low CTR on service pages,Make your content discoverable to agents,+1 844-568-4624,consult@nrlcmd.com
Great Falls,Montana,MT,US,great-falls,Schema Optimization,Agentic SEO,Thin or duplicate content across locations,Ship validated schema and rank faster,+1 844-568-4624,consult@nrlcmd.com
Helena,Montana,MT,US,helena,AI Visibility Audit,AI Visibility Audit,No structured data / invalid JSON-LD,Own your niche in AI search,+1 844-568-4624,consult@nrlcmd.com
Omaha,Nebraska,NE,US,omaha,Generative Engine Optimization,Schema Optimization,Weak local rankings vs national brands,AI-first SEO for local markets,+1 844-568-4624,consult@nrlcmd.com
Lincoln,Nebraska,NE,US,lincoln,AI Consulting,AI Discovery Optimization,Poor mobile Core Web Vitals,From impressions to qualified leads,+1 844-568-4624,consult@nrlcmd.com
Kearney,Nebraska,NE,US,kearney,Agentic SEO,Agentic SEO,Pages are CSR-only (no SSR head/meta),Built for AI Overview eligibility,+1 844-568-4624,consult@nrlcmd.com
Grand Island,Nebraska,NE,US,grand-island,Schema Optimization,AI Visibility Audit,Agents can’t discover actionable endpoints,Structured data that actually converts,+1 844-568-4624,consult@nrlcmd.com
Bellevue,Nebraska,NE,US,bellevue,AI Visibility Audit,Schema Optimization,Sitemap gaps and crawl waste,"Faster crawl, clearer snippets",+1 844-568-4624,consult@nrlcmd.com
Las Vegas,Nevada,NV,US,las-vegas,Generative Engine Optimization,AI Discovery Optimization,Inconsistent NAP/LocalBusiness signals,Operational SEO for 2025+,+1 844-568-4624,consult@nrlcmd.com
Henderson,Nevada,NV,US,henderson,AI Consulting,Agentic SEO,Struggling to appear in AI Overviews,Turn AI search into booked clients,+1 844-568-4624,consult@nrlcmd.com
Reno,Nevada,NV,US,reno,Agentic SEO,AI Visibility Audit,Low CTR on service pages,Make your content discoverable to agents,+1 844-568-4624,consult@nrlcmd.com
Sparks,Nevada,NV,US,sparks,Schema Optimization,Schema Optimization,Thin or duplicate content across locations,Ship validated schema and rank faster,+1 844-568-4624,consult@nrlcmd.com
Carson City,Nevada,NV,US,carson-city,AI Visibility Audit,AI Discovery Optimization,No structured data / invalid JSON-LD,Own your niche in AI search,+1 844-568-4624,consult@nrlcmd.com
Manchester,New Hampshire,NH,US,manchester,Generative Engine Optimization,Agentic SEO,Weak local rankings vs national brands,AI-first SEO for local markets,+1 844-568-4624,consult@nrlcmd.com
Nashua,New Hampshire,NH,US,nashua,AI Consulting,AI Visibility Audit,Poor mobile Core Web Vitals,From impressions to qualified leads,+1 844-568-4624,consult@nrlcmd.com
Concord,New Hampshire,NH,US,concord,Agentic SEO,Schema Optimization,Pages are CSR-only (no SSR head/meta),Built for AI Overview eligibility,+1 844-568-4624,consult@nrlcmd.com
Newark,New Jersey,NJ,US,newark,Schema Optimization,AI Discovery Optimization,Agents can’t discover actionable endpoints,Structured data that actually converts,+1 844-568-4624,consult@nrlcmd.com
Jersey City,New Jersey,NJ,US,jersey-city,AI Visibility Audit,Agentic SEO,Sitemap gaps and crawl waste,"Faster crawl, clearer snippets",+1 844-568-4624,consult@nrlcmd.com
Paterson,New Jersey,NJ,US,paterson,Generative Engine Optimization,AI Visibility Audit,Inconsistent NAP/LocalBusiness signals,Operational SEO for 2025+,+1 844-568-4624,consult@nrlcmd.com
Elizabeth,New Jersey,NJ,US,elizabeth,AI Consulting,Schema Optimization,Struggling to appear in AI Overviews,Turn AI search into booked clients,+1 844-568-4624,consult@nrlcmd.com
Edison,New Jersey,NJ,US,edison,Agentic SEO,AI Discovery Optimization,Low CTR on service pages,Make your content discoverable to agents,+1 844-568-4624,consult@nrlcmd.com
Trenton,New Jersey,NJ,US,trenton,Schema Optimization,Agentic SEO,Thin or duplicate content across locations,Ship validated schema and rank faster,+1 844-568-4624,consult@nrlcmd.com
Albuquerque,New Mexico,NM,US,albuquerque,AI Visibility Audit,AI Visibility Audit,No structured data / invalid JSON-LD,Own your niche in AI search,+1 844-568-4624,consult@nrlcmd.com
Las Cruces,New Mexico,NM,US,las-cruces,Generative Engine Optimization,Schema Optimization,Weak local rankings vs national brands,AI-first SEO for local markets,+1 844-568-4624,consult@nrlcmd.com
Santa Fe,New Mexico,NM,US,santa-fe,AI Consulting,AI Discovery Optimization,Poor mobile Core Web Vitals,From impressions to qualified leads,+1 844-568-4624,consult@nrlcmd.com
New York,New York,NY,US,new-york,Agentic SEO,Agentic SEO,Pages are CSR-only (no SSR head/meta),Built for AI Overview eligibility,+1 844-568-4624,consult@nrlcmd.com
Buffalo,New York,NY,US,buffalo,Schema Optimization,AI Visibility Audit,Agents can’t discover actionable endpoints,Structured data that actually converts,+1 844-568-4624,consult@nrlcmd.com
Rochester,New York,NY,US,rochester,AI Visibility Audit,Schema Optimization,Sitemap gaps and crawl waste,"Faster crawl, clearer snippets",+1 844-568-4624,consult@nrlcmd.com
Yonkers,New York,NY,US,yonkers,Generative Engine Optimization,AI Discovery Optimization,Inconsistent NAP/LocalBusiness signals,Operational SEO for 2025+,+1 844-568-4624,consult@nrlcmd.com
Syracuse,New York,NY,US,syracuse,AI Consulting,Agentic SEO,Struggling to appear in AI Overviews,Turn AI search into booked clients,+1 844-568-4624,consult@nrlcmd.com
Albany,New York,NY,US,albany,Agentic SEO,AI Visibility Audit,Low CTR on service pages,Make your content discoverable to agents,+1 844-568-4624,consult@nrlcmd.com
Ithaca,New York,NY,US,ithaca,Schema Optimization,Schema Optimization,Thin or duplicate content across locations,Ship validated schema and rank faster,+1 844-568-4624,consult@nrlcmd.com
Binghamton,New York,NY,US,binghamton,AI Visibility Audit,AI Discovery Optimization,No structured data / invalid JSON-LD,Own your niche in AI search,+1 844-568-4624,consult@nrlcmd.com
Schenectady,New York,NY,US,schenectady,Generative Engine Optimization,Agentic SEO,Weak local rankings vs national brands,AI-first SEO for local markets,+1 844-568-4624,consult@nrlcmd.com
Charlotte,North Carolina,NC,US,charlotte,AI Consulting,AI Visibility Audit,Poor mobile Core Web Vitals,From impressions to qualified leads,+1 844-568-4624,consult@nrlcmd.com
Raleigh,North Carolina,NC,US,raleigh,Agentic SEO,Schema Optimization,Pages are CSR-only (no SSR head/meta),Built for AI Overview eligibility,+1 844-568-4624,consult@nrlcmd.com
Greensboro,North Carolina,NC,US,greensboro,Schema Optimization,AI Discovery Optimization,Agents can’t discover actionable endpoints,Structured data that actually converts,+1 844-568-4624,consult@nrlcmd.com
Durham,North Carolina,NC,US,durham,AI Visibility Audit,Agentic SEO,Sitemap gaps and crawl waste,"Faster crawl, clearer snippets",+1 844-568-4624,consult@nrlcmd.com
Winston-Salem,North Carolina,NC,US,winston-salem,Generative Engine Optimization,AI Visibility Audit,Inconsistent NAP/LocalBusiness signals,Operational SEO for 2025+,+1 844-568-4624,consult@nrlcmd.com
Fayetteville,North Carolina,NC,US,fayetteville,AI Consulting,Schema Optimization,Struggling to appear in AI Overviews,Turn AI search into booked clients,+1 844-568-4624,consult@nrlcmd.com
Asheville,North Carolina,NC,US,asheville,Agentic SEO,AI Discovery Optimization,Low CTR on service pages,Make your content discoverable to agents,+1 844-568-4624,consult@nrlcmd.com
Wilmington,North Carolina,NC,US,wilmington,Schema Optimization,Agentic SEO,Thin or duplicate content across locations,Ship validated schema and rank faster,+1 844-568-4624,consult@nrlcmd.com
Fargo,North Dakota,ND,US,fargo,AI Visibility Audit,AI Visibility Audit,No structured data / invalid JSON-LD,Own your niche in AI search,+1 844-568-4624,consult@nrlcmd.com
Bismarck,North Dakota,ND,US,bismarck,Generative Engine Optimization,Schema Optimization,Weak local rankings vs national brands,AI-first SEO for local markets,+1 844-568-4624,consult@nrlcmd.com
Grand Forks,North Dakota,ND,US,grand-forks,AI Consulting,AI Discovery Optimization,Poor mobile Core Web Vitals,From impressions to qualified leads,+1 844-568-4624,consult@nrlcmd.com
Columbus,Ohio,OH,US,columbus,Agentic SEO,Agentic SEO,Pages are CSR-only (no SSR head/meta),Built for AI Overview eligibility,+1 844-568-4624,consult@nrlcmd.com
Cleveland,Ohio,OH,US,cleveland,Schema Optimization,AI Visibility Audit,Agents can’t discover actionable endpoints,Structured data that actually converts,+1 844-568-4624,consult@nrlcmd.com
Cincinnati,Ohio,OH,US,cincinnati,AI Visibility Audit,Schema Optimization,Sitemap gaps and crawl waste,"Faster crawl, clearer snippets",+1 844-568-4624,consult@nrlcmd.com
Toledo,Ohio,OH,US,toledo,Generative Engine Optimization,AI Discovery Optimization,Inconsistent NAP/LocalBusiness signals,Operational SEO for 2025+,+1 844-568-4624,consult@nrlcmd.com
Akron,Ohio,OH,US,akron,AI Consulting,Agentic SEO,Struggling to appear in AI Overviews,Turn AI search into booked clients,+1 844-568-4624,consult@nrlcmd.com
Dayton,Ohio,OH,US,dayton,Agentic SEO,AI Visibility Audit,Low CTR on service pages,Make your content discoverable to agents,+1 844-568-4624,consult@nrlcmd.com
Youngstown,Ohio,OH,US,youngstown,Schema Optimization,Schema Optimization,Thin or duplicate content across locations,Ship validated schema and rank faster,+1 844-568-4624,consult@nrlcmd.com
Canton,Ohio,OH,US,canton,AI Visibility Audit,AI Discovery Optimization,No structured data / invalid JSON-LD,Own your niche in AI search,+1 844-568-4624,consult@nrlcmd.com
Springfield,Ohio,OH,US,springfield,Generative Engine Optimization,Agentic SEO,Weak local rankings vs national brands,AI-first SEO for local markets,+1 844-568-4624,consult@nrlcmd.com
Oklahoma City,Oklahoma,OK,US,oklahoma-city,AI Consulting,AI Visibility Audit,Poor mobile Core Web Vitals,From impressions to qualified leads,+1 844-568-4624,consult@nrlcmd.com
Tulsa,Oklahoma,OK,US,tulsa,Agentic SEO,Schema Optimization,Pages are CSR-only (no SSR head/meta),Built for AI Overview eligibility,+1 844-568-4624,consult@nrlcmd.com
Norman,Oklahoma,OK,US,norman,Schema Optimization,AI Discovery Optimization,Agents can’t discover actionable endpoints,Structured data that actually converts,+1 844-568-4624,consult@nrlcmd.com
Edmond,Oklahoma,OK,US,edmond,AI Visibility Audit,Agentic SEO,Sitemap gaps and crawl waste,"Faster crawl, clearer snippets",+1 844-568-4624,consult@nrlcmd.com
Stillwater,Oklahoma,OK,US,stillwater,Generative Engine Optimization,AI Visibility Audit,Inconsistent NAP/LocalBusiness signals,Operational SEO for 2025+,+1 844-568-4624,consult@nrlcmd.com
Portland,Oregon,OR,US,portland,AI Consulting,Schema Optimization,Struggling to appear in AI Overviews,Turn AI search into booked clients,+1 844-568-4624,consult@nrlcmd.com
Salem,Oregon,OR,US,salem,Agentic SEO,AI Discovery Optimization,Low CTR on service pages,Make your content discoverable to agents,+1 844-568-4624,consult@nrlcmd.com
Eugene,Oregon,OR,US,eugene,Schema Optimization,Agentic SEO,Thin or duplicate content across locations,Ship validated schema and rank faster,+1 844-568-4624,consult@nrlcmd.com
Gresham,Oregon,OR,US,gresham,AI Visibility Audit,AI Visibility Audit,No structured data / invalid JSON-LD,Own your niche in AI search,+1 844-568-4624,consult@nrlcmd.com
Bend,Oregon,OR,US,bend,Generative Engine Optimization,Schema Optimization,Weak local rankings vs national brands,AI-first SEO for local markets,+1 844-568-4624,consult@nrlcmd.com
Medford,Oregon,OR,US,medford,AI Consulting,AI Discovery Optimization,Poor mobile Core Web Vitals,From impressions to qualified leads,+1 844-568-4624,consult@nrlcmd.com
Corvallis,Oregon,OR,US,corvallis,Agentic SEO,Agentic SEO,Pages are CSR-only (no SSR head/meta),Built for AI Overview eligibility,+1 844-568-4624,consult@nrlcmd.com
Hillsboro,Oregon,OR,US,hillsboro,Schema Optimization,AI Visibility Audit,Agents can’t discover actionable endpoints,Structured data that actually converts,+1 844-568-4624,consult@nrlcmd.com
Philadelphia,Pennsylvania,PA,US,philadelphia,AI Visibility Audit,Schema Optimization,Sitemap gaps and crawl waste,"Faster crawl, clearer snippets",+1 844-568-4624,consult@nrlcmd.com
Pittsburgh,Pennsylvania,PA,US,pittsburgh,Generative Engine Optimization,AI Discovery Optimization,Inconsistent NAP/LocalBusiness signals,Operational SEO for 2025+,+1 844-568-4624,consult@nrlcmd.com
Allentown,Pennsylvania,PA,US,allentown,AI Consulting,Agentic SEO,Struggling to appear in AI Overviews,Turn AI search into booked clients,+1 844-568-4624,consult@nrlcmd.com
Erie,Pennsylvania,PA,US,erie,Agentic SEO,AI Visibility Audit,Low CTR on service pages,Make your content discoverable to agents,+1 844-568-4624,consult@nrlcmd.com
Scranton,Pennsylvania,PA,US,scranton,Schema Optimization,Schema Optimization,Thin or duplicate content across locations,Ship validated schema and rank faster,+1 844-568-4624,consult@nrlcmd.com
Harrisburg,Pennsylvania,PA,US,harrisburg,AI Visibility Audit,AI Discovery Optimization,No structured data / invalid JSON-LD,Own your niche in AI search,+1 844-568-4624,consult@nrlcmd.com
Lancaster,Pennsylvania,PA,US,lancaster,Generative Engine Optimization,Agentic SEO,Weak local rankings vs national brands,AI-first SEO for local markets,+1 844-568-4624,consult@nrlcmd.com
York,Pennsylvania,PA,US,york,AI Consulting,AI Visibility Audit,Poor mobile Core Web Vitals,From impressions to qualified leads,+1 844-568-4624,consult@nrlcmd.com
Reading,Pennsylvania,PA,US,reading,Agentic SEO,Schema Optimization,Pages are CSR-only (no SSR head/meta),Built for AI Overview eligibility,+1 844-568-4624,consult@nrlcmd.com
Providence,Rhode Island,RI,US,providence,Schema Optimization,AI Discovery Optimization,Agents can’t discover actionable endpoints,Structured data that actually converts,+1 844-568-4624,consult@nrlcmd.com
Warwick,Rhode Island,RI,US,warwick,AI Visibility Audit,Agentic SEO,Sitemap gaps and crawl waste,"Faster crawl, clearer snippets",+1 844-568-4624,consult@nrlcmd.com
Cranston,Rhode Island,RI,US,cranston,Generative Engine Optimization,AI Visibility Audit,Inconsistent NAP/LocalBusiness signals,Operational SEO for 2025+,+1 844-568-4624,consult@nrlcmd.com
Charleston,South Carolina,SC,US,charleston,AI Consulting,Schema Optimization,Struggling to appear in AI Overviews,Turn AI search into booked clients,+1 844-568-4624,consult@nrlcmd.com
Columbia,South Carolina,SC,US,columbia,Agentic SEO,AI Discovery Optimization,Low CTR on service pages,Make your content discoverable to agents,+1 844-568-4624,consult@nrlcmd.com
Greenville,South Carolina,SC,US,greenville,Schema Optimization,Agentic SEO,Thin or duplicate content across locations,Ship validated schema and rank faster,+1 844-568-4624,consult@nrlcmd.com
Myrtle Beach,South Carolina,SC,US,myrtle-beach,AI Visibility Audit,AI Visibility Audit,No structured data / invalid JSON-LD,Own your niche in AI search,+1 844-568-4624,consult@nrlcmd.com
Spartanburg,South Carolina,SC,US,spartanburg,Generative Engine Optimization,Schema Optimization,Weak local rankings vs national brands,AI-first SEO for local markets,+1 844-568-4624,consult@nrlcmd.com
Sioux Falls,South Dakota,SD,US,sioux-falls,AI Consulting,AI Discovery Optimization,Poor mobile Core Web Vitals,From impressions to qualified leads,+1 844-568-4624,consult@nrlcmd.com
Rapid City,South Dakota,SD,US,rapid-city,Agentic SEO,Agentic SEO,Pages are CSR-only (no SSR head/meta),Built for AI Overview eligibility,+1 844-568-4624,consult@nrlcmd.com
Aberdeen,South Dakota,SD,US,aberdeen,Schema Optimization,AI Visibility Audit,Agents can’t discover actionable endpoints,Structured data that actually converts,+1 844-568-4624,consult@nrlcmd.com
Nashville,Tennessee,TN,US,nashville,AI Visibility Audit,Schema Optimization,Sitemap gaps and crawl waste,"Faster crawl, clearer snippets",+1 844-568-4624,consult@nrlcmd.com
Memphis,Tennessee,TN,US,memphis,Generative Engine Optimization,AI Discovery Optimization,Inconsistent NAP/LocalBusiness signals,Operational SEO for 2025+,+1 844-568-4624,consult@nrlcmd.com
Knoxville,Tennessee,TN,US,knoxville,AI Consulting,Agentic SEO,Struggling to appear in AI Overviews,Turn AI search into booked clients,+1 844-568-4624,consult@nrlcmd.com
Chattanooga,Tennessee,TN,US,chattanooga,Agentic SEO,AI Visibility Audit,Low CTR on service pages,Make your content discoverable to agents,+1 844-568-4624,consult@nrlcmd.com
Clarksville,Tennessee,TN,US,clarksville,Schema Optimization,Schema Optimization,Thin or duplicate content across locations,Ship validated schema and rank faster,+1 844-568-4624,consult@nrlcmd.com
Johnson City,Tennessee,TN,US,johnson-city,AI Visibility Audit,AI Discovery Optimization,No structured data / invalid JSON-LD,Own your niche in AI search,+1 844-568-4624,consult@nrlcmd.com
Houston,Texas,TX,US,houston,Generative Engine Optimization,Agentic SEO,Weak local rankings vs national brands,AI-first SEO for local markets,+1 844-568-4624,consult@nrlcmd.com
San Antonio,Texas,TX,US,san-antonio,AI Consulting,AI Visibility Audit,Poor mobile Core Web Vitals,From impressions to qualified leads,+1 844-568-4624,consult@nrlcmd.com
Dallas,Texas,TX,US,dallas,Agentic SEO,Schema Optimization,Pages are CSR-only (no SSR head/meta),Built for AI Overview eligibility,+1 844-568-4624,consult@nrlcmd.com
Austin,Texas,TX,US,austin,Schema Optimization,AI Discovery Optimization,Agents can’t discover actionable endpoints,Structured data that actually converts,+1 844-568-4624,consult@nrlcmd.com
Fort Worth,Texas,TX,US,fort-worth,AI Visibility Audit,Agentic SEO,Sitemap gaps and crawl waste,"Faster crawl, clearer snippets",+1 844-568-4624,consult@nrlcmd.com
El Paso,Texas,TX,US,el-paso,Generative Engine Optimization,AI Visibility Audit,Inconsistent NAP/LocalBusiness signals,Operational SEO for 2025+,+1 844-568-4624,consult@nrlcmd.com
Arlington,Texas,TX,US,arlington,AI Consulting,Schema Optimization,Struggling to appear in AI Overviews,Turn AI search into booked clients,+1 844-568-4624,consult@nrlcmd.com
Plano,Texas,TX,US,plano,Agentic SEO,AI Discovery Optimization,Low CTR on service pages,Make your content discoverable to agents,+1 844-568-4624,consult@nrlcmd.com
Irving,Texas,TX,US,irving,Schema Optimization,Agentic SEO,Thin or duplicate content across locations,Ship validated schema and rank faster,+1 844-568-4624,consult@nrlcmd.com
Garland,Texas,TX,US,garland,AI Visibility Audit,AI Visibility Audit,No structured data / invalid JSON-LD,Own your niche in AI search,+1 844-568-4624,consult@nrlcmd.com
Grand Prairie,Texas,TX,US,grand-prairie,Generative Engine Optimization,Schema Optimization,Weak local rankings vs national brands,AI-first SEO for local markets,+1 844-568-4624,consult@nrlcmd.com
Pasadena,Texas,TX,US,pasadena,AI Consulting,AI Discovery Optimization,Poor mobile Core Web Vitals,From impressions to qualified leads,+1 844-568-4624,consult@nrlcmd.com
McKinney,Texas,TX,US,mckinney,Agentic SEO,Agentic SEO,Pages are CSR-only (no SSR head/meta),Built for AI Overview eligibility,+1 844-568-4624,consult@nrlcmd.com
Frisco,Texas,TX,US,frisco,Schema Optimization,AI Visibility Audit,Agents can’t discover actionable endpoints,Structured data that actually converts,+1 844-568-4624,consult@nrlcmd.com
Waco,Texas,TX,US,waco,AI Visibility Audit,Schema Optimization,Sitemap gaps and crawl waste,"Faster crawl, clearer snippets",+1 844-568-4624,consult@nrlcmd.com
Killeen,Texas,TX,US,killeen,Generative Engine Optimization,AI Discovery Optimization,Inconsistent NAP/LocalBusiness signals,Operational SEO for 2025+,+1 844-568-4624,consult@nrlcmd.com
Tyler,Texas,TX,US,tyler,AI Consulting,Agentic SEO,Struggling to appear in AI Overviews,Turn AI search into booked clients,+1 844-568-4624,consult@nrlcmd.com
Lubbock,Texas,TX,US,lubbock,Agentic SEO,AI Visibility Audit,Low CTR on service pages,Make your content discoverable to agents,+1 844-568-4624,consult@nrlcmd.com
Amarillo,Texas,TX,US,amarillo,Schema Optimization,Schema Optimization,Thin or duplicate content across locations,Ship validated schema and rank faster,+1 844-568-4624,consult@nrlcmd.com
Midland,Texas,TX,US,midland,AI Visibility Audit,AI Discovery Optimization,No structured data / invalid JSON-LD,Own your niche in AI search,+1 844-568-4624,consult@nrlcmd.com
Odessa,Texas,TX,US,odessa,Generative Engine Optimization,Agentic SEO,Weak local rankings vs national brands,AI-first SEO for local markets,+1 844-568-4624,consult@nrlcmd.com
Abilene,Texas,TX,US,abilene,AI Consulting,AI Visibility Audit,Poor mobile Core Web Vitals,From impressions to qualified leads,+1 844-568-4624,consult@nrlcmd.com
Brownsville,Texas,TX,US,brownsville,Agentic SEO,Schema Optimization,Pages are CSR-only (no SSR head/meta),Built for AI Overview eligibility,+1 844-568-4624,consult@nrlcmd.com
McAllen,Texas,TX,US,mcallen,Schema Optimization,AI Discovery Optimization,Agents can’t discover actionable endpoints,Structured data that actually converts,+1 844-568-4624,consult@nrlcmd.com
Harlingen,Texas,TX,US,harlingen,AI Visibility Audit,Agentic SEO,Sitemap gaps and crawl waste,"Faster crawl, clearer snippets",+1 844-568-4624,consult@nrlcmd.com
Corpus Christi,Texas,TX,US,corpus-christi,Generative Engine Optimization,AI Visibility Audit,Inconsistent NAP/LocalBusiness signals,Operational SEO for 2025+,+1 844-568-4624,consult@nrlcmd.com
Beaumont,Texas,TX,US,beaumont,AI Consulting,Schema Optimization,Struggling to appear in AI Overviews,Turn AI search into booked clients,+1 844-568-4624,consult@nrlcmd.com
The Woodlands,Texas,TX,US,the-woodlands,Agentic SEO,AI Discovery Optimization,Low CTR on service pages,Make your content discoverable to agents,+1 844-568-4624,consult@nrlcmd.com
Sugar Land,Texas,TX,US,sugar-land,Schema Optimization,Agentic SEO,Thin or duplicate content across locations,Ship validated schema and rank faster,+1 844-568-4624,consult@nrlcmd.com
Pearland,Texas,TX,US,pearland,AI Visibility Audit,AI Visibility Audit,No structured data / invalid JSON-LD,Own your niche in AI search,+1 844-568-4624,consult@nrlcmd.com
Denton,Texas,TX,US,denton,Generative Engine Optimization,Schema Optimization,Weak local rankings vs national brands,AI-first SEO for local markets,+1 844-568-4624,consult@nrlcmd.com
Lewisville,Texas,TX,US,lewisville,AI Consulting,AI Discovery Optimization,Poor mobile Core Web Vitals,From impressions to qualified leads,+1 844-568-4624,consult@nrlcmd.com
Richardson,Texas,TX,US,richardson,Agentic SEO,Agentic SEO,Pages are CSR-only (no SSR head/meta),Built for AI Overview eligibility,+1 844-568-4624,consult@nrlcmd.com
Mesquite,Texas,TX,US,mesquite,Schema Optimization,AI Visibility Audit,Agents can’t discover actionable endpoints,Structured data that actually converts,+1 844-568-4624,consult@nrlcmd.com
Carrollton,Texas,TX,US,carrollton,AI Visibility Audit,Schema Optimization,Sitemap gaps and crawl waste,"Faster crawl, clearer snippets",+1 844-568-4624,consult@nrlcmd.com
Salt Lake City,Utah,UT,US,salt-lake-city,Generative Engine Optimization,AI Discovery Optimization,Inconsistent NAP/LocalBusiness signals,Operational SEO for 2025+,+1 844-568-4624,consult@nrlcmd.com
West Valley City,Utah,UT,US,west-valley-city,AI Consulting,Agentic SEO,Struggling to appear in AI Overviews,Turn AI search into booked clients,+1 844-568-4624,consult@nrlcmd.com
Provo,Utah,UT,US,provo,Agentic SEO,AI Visibility Audit,Low CTR on service pages,Make your content discoverable to agents,+1 844-568-4624,consult@nrlcmd.com
Orem,Utah,UT,US,orem,Schema Optimization,Schema Optimization,Thin or duplicate content across locations,Ship validated schema and rank faster,+1 844-568-4624,consult@nrlcmd.com
Ogden,Utah,UT,US,ogden,AI Visibility Audit,AI Discovery Optimization,No structured data / invalid JSON-LD,Own your niche in AI search,+1 844-568-4624,consult@nrlcmd.com
St. George,Utah,UT,US,st-george,Generative Engine Optimization,Agentic SEO,Weak local rankings vs national brands,AI-first SEO for local markets,+1 844-568-4624,consult@nrlcmd.com
Burlington,Vermont,VT,US,burlington,AI Consulting,AI Visibility Audit,Poor mobile Core Web Vitals,From impressions to qualified leads,+1 844-568-4624,consult@nrlcmd.com
South Burlington,Vermont,VT,US,south-burlington,Agentic SEO,Schema Optimization,Pages are CSR-only (no SSR head/meta),Built for AI Overview eligibility,+1 844-568-4624,consult@nrlcmd.com
Rutland,Vermont,VT,US,rutland,Schema Optimization,AI Discovery Optimization,Agents can’t discover actionable endpoints,Structured data that actually converts,+1 844-568-4624,consult@nrlcmd.com
Virginia Beach,Virginia,VA,US,virginia-beach,AI Visibility Audit,Agentic SEO,Sitemap gaps and crawl waste,"Faster crawl, clearer snippets",+1 844-568-4624,consult@nrlcmd.com
Norfolk,Virginia,VA,US,norfolk,Generative Engine Optimization,AI Visibility Audit,Inconsistent NAP/LocalBusiness signals,Operational SEO for 2025+,+1 844-568-4624,consult@nrlcmd.com
Chesapeake,Virginia,VA,US,chesapeake,AI Consulting,Schema Optimization,Struggling to appear in AI Overviews,Turn AI search into booked clients,+1 844-568-4624,consult@nrlcmd.com
Richmond,Virginia,VA,US,richmond,Agentic SEO,AI Discovery Optimization,Low CTR on service pages,Make your content discoverable to agents,+1 844-568-4624,consult@nrlcmd.com
Alexandria,Virginia,VA,US,alexandria,Schema Optimization,Agentic SEO,Thin or duplicate content across locations,Ship validated schema and rank faster,+1 844-568-4624,consult@nrlcmd.com
Roanoke,Virginia,VA,US,roanoke,AI Visibility Audit,AI Visibility Audit,No structured data / invalid JSON-LD,Own your niche in AI search,+1 844-568-4624,consult@nrlcmd.com
Lynchburg,Virginia,VA,US,lynchburg,Generative Engine Optimization,Schema Optimization,Weak local rankings vs national brands,AI-first SEO for local markets,+1 844-568-4624,consult@nrlcmd.com
Charlottesville,Virginia,VA,US,charlottesville,AI Consulting,AI Discovery Optimization,Poor mobile Core Web Vitals,From impressions to qualified leads,+1 844-568-4624,consult@nrlcmd.com
Seattle,Washington,WA,US,seattle,Agentic SEO,Agentic SEO,Pages are CSR-only (no SSR head/meta),Built for AI Overview eligibility,+1 844-568-4624,consult@nrlcmd.com
Spokane,Washington,WA,US,spokane,Schema Optimization,AI Visibility Audit,Agents can’t discover actionable endpoints,Structured data that actually converts,+1 844-568-4624,consult@nrlcmd.com
Tacoma,Washington,WA,US,tacoma,AI Visibility Audit,Schema Optimization,Sitemap gaps and crawl waste,"Faster crawl, clearer snippets",+1 844-568-4624,consult@nrlcmd.com
Vancouver,Washington,WA,US,vancouver,Generative Engine Optimization,AI Discovery Optimization,Inconsistent NAP/LocalBusiness signals,Operational SEO for 2025+,+1 844-568-4624,consult@nrlcmd.com
Bellevue,Washington,WA,US,bellevue,AI Consulting,Agentic SEO,Struggling to appear in AI Overviews,Turn AI search into booked clients,+1 844-568-4624,consult@nrlcmd.com
Everett,Washington,WA,US,everett,Agentic SEO,AI Visibility Audit,Low CTR on service pages,Make your content discoverable to agents,+1 844-568-4624,consult@nrlcmd.com
Bellingham,Washington,WA,US,bellingham,Schema Optimization,Schema Optimization,Thin or duplicate content across locations,Ship validated schema and rank faster,+1 844-568-4624,consult@nrlcmd.com
Yakima,Washington,WA,US,yakima,AI Visibility Audit,AI Discovery Optimization,No structured data / invalid JSON-LD,Own your niche in AI search,+1 844-568-4624,consult@nrlcmd.com
Charleston,West Virginia,WV,US,charleston,Generative Engine Optimization,Agentic SEO,Weak local rankings vs national brands,AI-first SEO for local markets,+1 844-568-4624,consult@nrlcmd.com
Huntington,West Virginia,WV,US,huntington,AI Consulting,AI Visibility Audit,Poor mobile Core Web Vitals,From impressions to qualified leads,+1 844-568-4624,consult@nrlcmd.com
Morgantown,West Virginia,WV,US,morgantown,Agentic SEO,Schema Optimization,Pages are CSR-only (no SSR head/meta),Built for AI Overview eligibility,+1 844-568-4624,consult@nrlcmd.com
Milwaukee,Wisconsin,WI,US,milwaukee,Schema Optimization,AI Discovery Optimization,Agents can’t discover actionable endpoints,Structured data that actually converts,+1 844-568-4624,consult@nrlcmd.com
Madison,Wisconsin,WI,US,madison,AI Visibility Audit,Agentic SEO,Sitemap gaps and crawl waste,"Faster crawl, clearer snippets",+1 844-568-4624,consult@nrlcmd.com
Green Bay,Wisconsin,WI,US,green-bay,Generative Engine Optimization,AI Visibility Audit,Inconsistent NAP/LocalBusiness signals,Operational SEO for 2025+,+1 844-568-4624,consult@nrlcmd.com
Kenosha,Wisconsin,WI,US,kenosha,AI Consulting,Schema Optimization,Struggling to appear in AI Overviews,Turn AI search into booked clients,+1 844-568-4624,consult@nrlcmd.com
Racine,Wisconsin,WI,US,racine,Agentic SEO,AI Discovery Optimization,Low CTR on service pages,Make your content discoverable to agents,+1 844-568-4624,consult@nrlcmd.com
Appleton,Wisconsin,WI,US,appleton,Schema Optimization,Agentic SEO,Thin or duplicate content across locations,Ship validated schema and rank faster,+1 844-568-4624,consult@nrlcmd.com
Cheyenne,Wyoming,WY,US,cheyenne,AI Visibility Audit,AI Visibility Audit,No structured data / invalid JSON-LD,Own your niche in AI search,+1 844-568-4624,consult@nrlcmd.com
Casper,Wyoming,WY,US,casper,Generative Engine Optimization,Schema Optimization,Weak local rankings vs national brands,AI-first SEO for local markets,+1 844-568-4624,consult@nrlcmd.com
Laramie,Wyoming,WY,US,laramie,AI Consulting,AI Discovery Optimization,Poor mobile Core Web Vitals,From impressions to qualified leads,+1 844-568-4624,consult@nrlcmd.com
